user,amount,timestamp
3.0,50.0,2017-08-07 14:22:04
3.0,25.0,2017-10-26 18:58:45
3.0,50.0,2017-09-29 11:10:04
3.0,50.0,2016-09-24 19:33:59
4.0,1500.0,2018-02-23 22:03:14
4.0,1000.0,2018-01-09 15:16:30
5.0,25.0,2015-12-11 11:14:55
5.0,25.0,2017-01-25 22:51:26
5.0,25.0,2017-04-14 14:02:56
5.0,25.0,2016-05-13 21:39:21
5.0,50.0,2015-11-08 14:08:31
5.0,25.0,2017-07-02 13:49:05
8.0,25.0,2018-03-17 11:13:35
9.0,25.0,2017-12-21 15:13:02
9.0,25.0,2018-04-12 21:28:41
11.0,1500.0,2017-05-28 17:20:42
11.0,1000.0,2018-04-18 14:04:16
12.0,50.0,2018-04-15 14:08:44
12.0,25.0,2018-01-07 20:49:06
12.0,25.0,2017-12-17 13:20:53
13.0,50.0,2017-12-10 22:06:37
13.0,25.0,2018-02-22 12:22:35
14.0,25.0,2017-07-03 13:17:25
14.0,50.0,2016-05-16 11:34:23
14.0,50.0,2016-11-23 18:28:23
14.0,25.0,2016-05-30 20:57:47
14.0,50.0,2016-11-22 22:51:31
14.0,25.0,2017-06-14 15:31:02
14.0,25.0,2015-11-02 11:30:52
14.0,25.0,2017-10-09 22:38:20
15.0,100.0,2016-07-31 22:23:36
15.0,100.0,2015-03-01 11:02:00
15.0,100.0,2017-02-22 20:42:11
15.0,250.0,2017-04-03 16:00:17
20.0,50.0,2017-07-16 15:07:59
20.0,50.0,2017-05-31 11:01:07
20.0,25.0,2017-10-13 18:11:13
20.0,25.0,2018-01-05 14:10:40
21.0,50.0,2018-02-07 20:39:12
21.0,25.0,2018-01-03 12:26:16
21.0,25.0,2018-03-16 12:34:30
21.0,25.0,2017-12-05 18:44:30
22.0,75.0,2018-01-24 20:25:44
22.0,75.0,2017-02-27 17:29:03
23.0,50.0,2018-05-23 21:15:59
23.0,50.0,2017-11-13 17:42:19
24.0,100.0,2017-10-20 16:27:30
25.0,25.0,2017-02-27 21:32:36
25.0,25.0,2017-07-19 12:46:34
25.0,50.0,2016-09-17 14:45:01
25.0,25.0,2018-01-18 19:29:26
25.0,25.0,2017-08-01 11:48:25
25.0,25.0,2018-02-02 19:11:06
25.0,25.0,2017-07-10 11:20:49
25.0,25.0,2017-01-08 14:03:04
28.0,50.0,2016-12-14 19:37:09
28.0,50.0,2015-04-30 11:47:30
28.0,50.0,2017-03-09 13:51:43
28.0,75.0,2017-08-15 13:29:06
28.0,50.0,2015-11-22 21:41:55
28.0,50.0,2016-01-28 14:49:22
28.0,50.0,2015-03-14 22:23:35
28.0,75.0,2016-03-05 21:49:06
31.0,50.0,2017-12-10 14:15:58
34.0,500.0,2017-06-10 13:38:15
37.0,1000.0,2016-08-21 12:27:50
37.0,1000.0,2016-12-20 12:01:38
37.0,1000.0,2016-07-27 18:27:10
37.0,1000.0,2015-10-20 14:04:37
37.0,1000.0,2017-02-06 19:50:05
37.0,1000.0,2015-08-12 14:55:37
38.0,25.0,2018-04-09 14:51:06
38.0,50.0,2018-03-08 19:50:16
39.0,25.0,2017-08-30 14:32:00
39.0,25.0,2017-04-11 18:14:22
40.0,75.0,2018-02-03 16:46:34
42.0,25.0,2017-11-07 20:13:35
42.0,25.0,2017-12-04 13:11:38
42.0,25.0,2018-04-14 14:31:33
42.0,25.0,2017-11-05 11:09:24
42.0,50.0,2017-12-05 14:28:23
43.0,25.0,2017-07-29 17:39:01
43.0,25.0,2017-07-02 11:05:24
44.0,1500.0,2018-02-24 20:32:11
48.0,25.0,2018-03-21 15:43:47
49.0,25.0,2018-03-05 19:52:54
49.0,25.0,2017-12-23 22:15:16
50.0,25.0,2018-01-20 12:08:46
50.0,50.0,2017-11-19 21:48:05
50.0,25.0,2017-01-05 19:04:02
50.0,25.0,2018-05-16 15:53:04
50.0,25.0,2018-05-25 14:37:23
50.0,25.0,2017-07-16 20:45:10
50.0,25.0,2016-11-03 21:12:49
50.0,25.0,2018-01-24 19:55:11
51.0,25.0,2017-12-13 16:22:09
51.0,50.0,2017-05-11 18:18:09
51.0,25.0,2017-02-28 16:03:52
51.0,50.0,2018-02-26 14:23:53
52.0,25.0,2018-02-25 14:03:44
52.0,25.0,2017-06-21 13:33:35
55.0,500.0,2017-09-16 13:21:31
55.0,500.0,2017-10-20 22:40:15
57.0,25.0,2018-01-19 14:04:36
57.0,25.0,2017-08-01 22:24:33
57.0,50.0,2018-01-10 21:31:16
60.0,250.0,2018-03-30 11:53:20
60.0,100.0,2016-09-17 22:05:38
60.0,100.0,2016-10-06 12:17:26
60.0,100.0,2017-02-05 14:46:49
62.0,100.0,2018-04-29 20:54:34
62.0,75.0,2018-02-10 21:50:20
62.0,75.0,2018-04-17 15:36:44
64.0,100.0,2018-02-23 21:34:55
64.0,100.0,2018-03-23 11:10:09
64.0,100.0,2018-05-09 22:11:00
65.0,1000.0,2017-03-05 13:19:57
65.0,1000.0,2017-06-21 19:59:47
65.0,1500.0,2017-11-08 22:48:41
65.0,1000.0,2017-10-08 21:47:44
65.0,1000.0,2018-04-19 14:25:23
65.0,1500.0,2018-05-16 19:34:52
67.0,25.0,2018-01-26 15:17:21
67.0,25.0,2018-03-19 13:17:23
67.0,25.0,2017-04-03 16:55:15
67.0,25.0,2017-08-18 17:59:05
68.0,25.0,2018-03-18 19:45:01
68.0,50.0,2015-12-25 16:29:04
68.0,50.0,2016-04-27 13:58:11
68.0,50.0,2017-10-17 19:50:11
68.0,50.0,2016-10-10 12:58:40
68.0,25.0,2016-03-01 19:53:36
68.0,25.0,2016-08-11 14:21:42
68.0,50.0,2017-09-01 11:59:37
68.0,25.0,2016-10-05 19:26:17
68.0,25.0,2018-02-26 13:24:47
68.0,50.0,2017-05-25 11:36:14
68.0,50.0,2017-11-23 12:14:10
69.0,25.0,2017-10-04 16:40:57
69.0,25.0,2018-02-03 22:01:52
70.0,50.0,2016-01-13 12:16:26
70.0,25.0,2015-12-08 13:01:03
70.0,25.0,2017-10-14 14:06:15
70.0,25.0,2017-07-04 21:02:15
70.0,25.0,2018-01-17 20:45:30
70.0,25.0,2016-09-02 13:18:46
70.0,25.0,2017-05-30 11:46:47
70.0,25.0,2018-02-08 16:57:10
70.0,50.0,2017-10-26 18:34:19
70.0,50.0,2016-01-31 13:29:10
70.0,25.0,2018-03-04 22:35:46
70.0,25.0,2017-08-15 18:39:30
72.0,500.0,2017-11-05 22:00:46
73.0,25.0,2015-02-13 21:56:15
73.0,25.0,2016-09-28 19:17:39
73.0,25.0,2015-06-20 19:37:27
73.0,25.0,2015-12-22 14:56:48
74.0,500.0,2018-05-17 15:40:03
74.0,250.0,2018-05-31 11:51:57
75.0,25.0,2018-01-20 16:41:37
75.0,25.0,2017-04-26 16:18:59
76.0,25.0,2018-02-20 11:33:16
76.0,25.0,2015-12-16 11:31:27
76.0,25.0,2016-08-26 12:20:03
76.0,25.0,2016-06-05 21:02:46
76.0,25.0,2016-08-27 15:23:53
76.0,25.0,2016-04-01 16:56:00
76.0,25.0,2016-02-25 12:34:20
76.0,25.0,2015-07-06 15:52:45
77.0,50.0,2017-06-14 16:45:45
77.0,50.0,2018-04-12 15:06:54
77.0,75.0,2018-04-29 19:30:53
77.0,50.0,2017-05-17 17:20:42
77.0,50.0,2018-02-05 14:54:24
77.0,50.0,2018-01-05 11:36:39
79.0,25.0,2017-10-12 13:56:11
79.0,25.0,2016-11-09 14:57:36
79.0,25.0,2017-07-31 21:29:54
79.0,25.0,2016-11-02 17:05:09
79.0,25.0,2016-12-18 21:50:30
79.0,25.0,2017-07-23 18:10:55
80.0,25.0,2017-08-19 19:41:14
80.0,50.0,2017-12-15 16:52:27
80.0,25.0,2018-04-02 12:09:39
81.0,50.0,2017-05-11 21:06:20
88.0,25.0,2017-02-27 12:26:42
88.0,25.0,2017-10-17 12:40:06
88.0,25.0,2018-03-05 13:35:38
88.0,50.0,2017-06-09 21:39:22
88.0,50.0,2016-09-04 18:40:12
88.0,25.0,2016-08-06 20:56:36
88.0,25.0,2017-04-17 21:33:33
88.0,25.0,2016-05-06 21:58:47
88.0,50.0,2017-11-04 19:56:49
88.0,25.0,2018-05-28 19:01:02
89.0,25.0,2016-07-07 15:55:40
89.0,25.0,2016-03-13 22:09:29
89.0,25.0,2016-07-08 14:44:17
90.0,25.0,2016-02-21 15:17:43
90.0,25.0,2016-09-17 20:22:39
90.0,25.0,2018-01-19 15:16:13
90.0,25.0,2015-12-29 17:29:51
90.0,25.0,2015-08-30 19:45:57
90.0,25.0,2017-05-07 16:23:44
92.0,50.0,2016-12-30 12:01:38
92.0,25.0,2016-04-21 15:13:36
93.0,50.0,2016-03-19 20:55:17
93.0,25.0,2016-03-29 12:40:16
93.0,25.0,2015-07-18 17:08:19
93.0,25.0,2017-03-05 15:53:17
93.0,25.0,2015-09-05 14:44:38
93.0,25.0,2017-08-01 18:05:36
93.0,25.0,2016-09-25 22:13:52
93.0,25.0,2018-04-06 18:17:37
93.0,50.0,2016-10-04 19:27:08
93.0,25.0,2016-11-09 17:47:51
93.0,25.0,2018-01-30 12:56:32
93.0,25.0,2017-01-23 14:32:57
93.0,25.0,2015-04-08 19:21:55
93.0,50.0,2015-03-30 14:09:16
93.0,50.0,2017-12-04 22:54:16
93.0,25.0,2016-12-12 18:53:47
93.0,50.0,2017-06-18 16:29:54
93.0,25.0,2015-08-14 17:38:47
93.0,25.0,2015-12-15 12:43:18
93.0,25.0,2016-03-24 15:50:12
93.0,50.0,2015-02-25 21:58:41
93.0,50.0,2017-10-06 11:57:02
93.0,25.0,2015-11-18 17:21:00
93.0,50.0,2017-09-03 16:57:06
94.0,50.0,2017-05-30 12:37:32
94.0,25.0,2018-05-22 14:07:38
95.0,250.0,2017-06-07 15:06:17
96.0,25.0,2018-03-11 12:03:02
96.0,25.0,2016-07-17 15:36:11
96.0,50.0,2016-09-06 13:17:42
96.0,50.0,2016-01-26 14:25:45
96.0,25.0,2015-09-06 19:23:09
96.0,25.0,2017-09-25 17:51:10
96.0,25.0,2017-01-23 20:18:42
96.0,50.0,2017-05-11 13:32:05
96.0,50.0,2015-09-29 18:21:36
96.0,50.0,2017-06-08 19:23:03
96.0,50.0,2015-12-24 22:08:39
96.0,25.0,2015-11-18 21:16:24
98.0,2000.0,2018-02-24 13:56:47
98.0,1500.0,2016-04-28 18:44:07
98.0,1500.0,2016-04-11 12:48:06
99.0,25.0,2018-01-03 21:23:43
99.0,25.0,2018-04-08 13:08:07
99.0,25.0,2018-03-23 19:02:34
101.0,25.0,2018-03-10 15:41:42
102.0,25.0,2017-07-29 18:19:49
102.0,25.0,2018-03-02 20:53:47
103.0,50.0,2017-10-24 11:13:54
103.0,25.0,2018-02-26 19:36:46
104.0,50.0,2018-03-28 18:55:59
104.0,25.0,2016-11-27 12:04:14
105.0,25.0,2017-08-15 21:45:21
105.0,25.0,2018-03-29 19:19:00
105.0,25.0,2016-08-02 14:51:17
105.0,25.0,2015-12-24 22:38:25
105.0,25.0,2016-04-25 22:15:19
105.0,50.0,2017-02-10 13:57:51
105.0,25.0,2018-03-02 12:25:52
105.0,25.0,2016-01-10 22:36:28
108.0,50.0,2017-06-11 12:28:30
108.0,50.0,2018-02-02 14:09:24
108.0,50.0,2018-04-29 14:04:25
116.0,100.0,2018-01-14 21:44:51
119.0,100.0,2018-02-14 14:41:44
123.0,1000.0,2017-07-25 13:01:08
123.0,1500.0,2015-08-24 18:56:57
123.0,1000.0,2016-07-20 17:03:41
123.0,1000.0,2017-03-07 19:41:49
123.0,1000.0,2016-06-26 12:30:52
123.0,1000.0,2017-09-22 11:41:50
123.0,1000.0,2017-02-09 20:52:27
123.0,1000.0,2017-08-27 12:17:28
123.0,1500.0,2017-05-17 22:00:22
123.0,1000.0,2016-03-19 21:09:14
123.0,1000.0,2016-01-08 20:54:54
123.0,1500.0,2017-04-17 14:10:21
125.0,75.0,2018-02-22 13:48:25
126.0,250.0,2017-10-28 14:52:55
126.0,250.0,2018-04-03 18:52:12
126.0,100.0,2017-10-15 12:27:00
127.0,1000.0,2018-05-02 22:32:53
127.0,1000.0,2018-01-01 22:08:58
129.0,25.0,2017-07-20 11:57:13
129.0,25.0,2018-02-28 20:56:55
130.0,25.0,2017-09-29 18:57:22
130.0,25.0,2018-04-08 16:34:54
131.0,25.0,2018-04-17 17:45:06
132.0,250.0,2017-11-24 20:26:36
132.0,250.0,2018-03-04 11:24:41
132.0,100.0,2018-04-05 21:16:31
137.0,100.0,2017-03-02 20:51:42
139.0,25.0,2017-10-30 17:19:03
139.0,50.0,2017-12-17 11:55:02
139.0,50.0,2017-10-16 21:41:02
139.0,25.0,2017-07-03 14:37:25
141.0,25.0,2016-09-30 22:52:41
141.0,25.0,2017-08-08 22:22:16
141.0,25.0,2017-03-22 14:03:04
141.0,50.0,2016-02-13 20:30:56
141.0,50.0,2018-04-18 12:44:21
141.0,25.0,2016-01-15 22:13:16
142.0,25.0,2018-01-07 22:40:41
145.0,250.0,2018-03-01 16:48:55
145.0,250.0,2018-01-06 13:36:04
145.0,250.0,2015-10-24 14:20:10
145.0,250.0,2015-05-06 19:14:09
145.0,250.0,2017-06-28 20:25:01
145.0,250.0,2016-12-19 15:12:47
145.0,250.0,2017-01-31 13:43:47
145.0,250.0,2018-04-17 20:32:15
146.0,250.0,2016-12-10 14:10:45
146.0,100.0,2017-04-27 15:39:59
146.0,250.0,2018-05-08 12:22:32
146.0,250.0,2016-11-22 14:07:51
146.0,100.0,2018-02-02 21:05:54
146.0,100.0,2017-02-27 16:40:34
148.0,50.0,2018-03-27 19:00:59
148.0,25.0,2018-04-22 13:56:58
149.0,25.0,2017-08-25 22:31:19
149.0,25.0,2017-07-30 11:29:31
151.0,25.0,2018-05-20 14:44:02
151.0,25.0,2017-10-12 12:30:14
154.0,50.0,2015-10-14 18:20:51
154.0,25.0,2018-04-23 17:22:06
154.0,25.0,2017-07-17 14:56:32
154.0,50.0,2017-02-02 15:59:31
157.0,25.0,2016-10-20 19:16:51
157.0,25.0,2017-06-06 17:34:54
157.0,25.0,2016-06-23 11:05:06
161.0,25.0,2017-11-21 17:24:04
161.0,25.0,2015-07-14 21:51:06
161.0,25.0,2016-09-05 15:03:43
161.0,25.0,2015-02-14 16:27:49
163.0,25.0,2016-08-15 12:41:56
163.0,25.0,2018-04-26 14:12:28
163.0,25.0,2015-04-01 19:17:43
163.0,25.0,2016-02-08 22:59:08
163.0,50.0,2016-02-01 17:39:07
163.0,50.0,2016-03-20 14:16:51
163.0,25.0,2015-04-13 18:20:23
163.0,25.0,2017-06-30 18:13:15
164.0,25.0,2017-10-07 16:51:21
164.0,25.0,2016-08-08 11:07:34
164.0,25.0,2017-12-21 12:56:45
164.0,25.0,2017-09-02 14:57:55
164.0,25.0,2016-10-22 20:43:53
164.0,25.0,2017-09-28 14:45:21
164.0,25.0,2016-09-01 15:01:45
164.0,25.0,2016-09-11 15:39:34
164.0,50.0,2017-08-27 19:24:32
164.0,50.0,2018-05-18 19:54:28
165.0,500.0,2018-03-16 21:10:48
166.0,25.0,2017-01-14 14:12:48
166.0,50.0,2018-02-03 22:38:00
166.0,25.0,2017-10-20 15:10:22
166.0,25.0,2017-03-22 18:01:37
166.0,50.0,2018-01-12 15:36:33
166.0,25.0,2016-07-12 11:28:00
167.0,250.0,2018-01-25 17:58:46
167.0,250.0,2017-12-06 14:23:09
168.0,100.0,2017-11-03 15:46:22
168.0,100.0,2017-07-01 13:40:08
168.0,100.0,2017-10-25 22:32:03
168.0,250.0,2017-09-16 16:29:26
169.0,50.0,2017-08-21 14:53:38
169.0,25.0,2017-05-03 13:26:13
169.0,50.0,2017-08-14 22:48:35
169.0,25.0,2017-05-14 16:16:38
169.0,50.0,2018-02-05 12:03:40
169.0,25.0,2017-04-25 20:55:53
169.0,25.0,2017-07-03 16:05:24
169.0,25.0,2017-06-24 16:05:15
169.0,25.0,2017-08-28 13:01:15
169.0,25.0,2017-09-07 21:01:42
171.0,25.0,2016-06-04 17:11:22
171.0,25.0,2016-12-07 12:22:11
171.0,25.0,2016-08-02 20:09:14
171.0,25.0,2016-05-29 12:43:46
171.0,25.0,2017-10-18 19:52:21
171.0,25.0,2016-09-27 11:34:14
175.0,25.0,2016-10-18 19:41:31
175.0,50.0,2015-10-19 17:34:20
175.0,25.0,2018-03-15 11:21:52
175.0,50.0,2015-08-17 18:18:43
175.0,50.0,2016-12-11 11:06:51
175.0,25.0,2017-08-07 15:13:58
175.0,25.0,2016-06-13 11:18:10
175.0,25.0,2015-08-02 18:52:12
175.0,50.0,2018-01-30 14:08:33
176.0,25.0,2017-12-22 21:25:42
176.0,25.0,2018-04-08 13:48:02
176.0,50.0,2017-07-30 16:01:28
176.0,25.0,2017-06-06 19:40:11
176.0,25.0,2015-03-05 18:13:54
176.0,25.0,2017-06-02 17:11:52
176.0,50.0,2018-03-02 22:01:59
176.0,50.0,2016-02-21 16:23:59
176.0,25.0,2015-09-08 19:33:48
176.0,25.0,2015-05-31 22:48:34
176.0,25.0,2015-12-30 14:03:40
176.0,25.0,2015-12-13 22:24:49
179.0,25.0,2015-02-11 21:31:50
179.0,25.0,2018-05-26 16:44:20
179.0,25.0,2017-05-21 12:32:02
179.0,50.0,2017-05-12 15:53:41
179.0,25.0,2017-12-22 14:18:12
179.0,50.0,2017-11-09 20:36:57
179.0,25.0,2016-04-14 17:44:21
179.0,25.0,2018-03-11 11:27:28
179.0,25.0,2017-01-21 12:00:54
179.0,25.0,2018-02-19 17:23:00
179.0,50.0,2016-03-16 18:47:09
179.0,50.0,2015-06-23 16:19:06
180.0,25.0,2017-10-24 16:47:18
181.0,25.0,2017-11-05 13:26:57
181.0,25.0,2017-06-11 19:00:56
181.0,50.0,2016-05-12 18:11:02
181.0,25.0,2018-02-14 12:55:38
181.0,50.0,2015-09-27 16:47:03
181.0,25.0,2017-02-03 18:21:14
181.0,25.0,2017-09-29 15:37:50
181.0,50.0,2015-05-28 20:21:23
183.0,250.0,2018-05-03 13:32:30
183.0,250.0,2017-12-04 11:54:54
183.0,250.0,2018-04-01 16:38:21
183.0,250.0,2018-02-13 17:42:33
184.0,25.0,2017-09-19 16:18:49
184.0,25.0,2017-02-10 16:06:08
185.0,25.0,2018-04-11 13:13:49
186.0,25.0,2017-12-04 12:17:58
186.0,25.0,2017-12-11 14:09:59
186.0,25.0,2018-05-09 12:32:40
186.0,25.0,2018-02-06 14:26:40
187.0,50.0,2018-04-05 11:42:26
187.0,25.0,2018-02-18 17:00:00
189.0,50.0,2017-08-14 15:51:20
189.0,25.0,2017-02-10 16:38:53
189.0,25.0,2017-09-01 19:52:17
189.0,50.0,2018-03-03 19:04:21
195.0,25.0,2018-03-24 19:50:32
195.0,25.0,2018-04-10 19:39:36
195.0,25.0,2018-02-23 21:22:02
198.0,25.0,2017-08-22 13:34:08
202.0,50.0,2017-12-31 21:23:07
202.0,25.0,2017-12-18 17:22:56
202.0,25.0,2017-10-31 12:16:47
202.0,50.0,2017-12-23 15:16:52
206.0,1500.0,2015-06-13 20:18:07
206.0,1000.0,2015-04-26 12:43:25
206.0,1500.0,2016-10-21 16:44:53
206.0,1000.0,2016-04-22 18:19:28
206.0,1000.0,2018-03-03 13:00:50
206.0,1000.0,2015-07-10 18:25:16
206.0,1000.0,2015-04-08 14:52:32
206.0,1000.0,2017-08-18 22:24:15
206.0,1000.0,2016-11-12 17:46:51
206.0,1000.0,2016-07-05 22:51:46
206.0,1500.0,2018-03-13 13:19:22
206.0,1500.0,2017-01-15 20:04:44
209.0,25.0,2017-07-25 18:07:09
209.0,25.0,2018-05-07 15:48:13
210.0,50.0,2017-09-02 14:23:46
210.0,75.0,2017-05-02 13:44:55
210.0,50.0,2018-01-25 16:30:42
211.0,25.0,2018-01-21 18:51:58
211.0,25.0,2018-01-28 21:39:41
211.0,25.0,2017-02-24 19:48:52
211.0,25.0,2017-02-17 19:44:05
211.0,25.0,2017-10-26 20:09:08
211.0,25.0,2017-03-26 21:45:20
211.0,25.0,2017-11-17 19:39:43
211.0,25.0,2017-06-27 12:06:06
211.0,25.0,2018-02-10 19:12:00
211.0,25.0,2018-02-16 11:42:35
214.0,500.0,2017-10-07 16:20:09
214.0,250.0,2016-08-31 21:56:29
214.0,250.0,2017-03-30 15:21:42
214.0,500.0,2016-10-23 22:49:24
214.0,250.0,2018-05-30 16:27:46
214.0,250.0,2017-11-10 18:17:48
216.0,25.0,2016-10-25 14:49:17
216.0,50.0,2015-06-07 11:26:24
216.0,50.0,2017-05-23 11:21:20
216.0,50.0,2017-08-09 15:35:17
216.0,50.0,2018-04-12 13:58:19
216.0,50.0,2017-11-08 21:01:12
216.0,25.0,2016-03-28 17:09:58
216.0,50.0,2015-03-01 12:13:27
216.0,25.0,2017-05-16 11:03:11
216.0,50.0,2016-02-21 20:49:59
216.0,25.0,2015-04-12 12:44:41
216.0,50.0,2017-04-24 12:35:03
218.0,2000.0,2018-03-30 17:24:13
218.0,1500.0,2017-12-19 21:46:38
218.0,1500.0,2017-12-22 17:41:40
219.0,50.0,2017-01-14 11:30:34
219.0,25.0,2017-03-22 20:06:13
220.0,25.0,2018-05-28 18:11:07
220.0,25.0,2016-09-12 14:05:57
221.0,50.0,2018-03-21 11:21:59
221.0,25.0,2017-12-21 15:51:02
221.0,25.0,2017-09-13 20:13:57
222.0,500.0,2017-12-08 11:48:11
222.0,1000.0,2017-06-29 11:57:47
224.0,100.0,2017-05-25 19:43:32
227.0,25.0,2018-01-21 11:50:46
227.0,25.0,2018-02-08 20:34:53
227.0,25.0,2018-01-18 11:18:41
231.0,25.0,2018-02-26 18:21:18
231.0,25.0,2018-02-18 22:24:26
231.0,50.0,2018-06-02 15:50:12
232.0,25.0,2017-01-31 21:12:16
232.0,50.0,2016-03-15 16:35:14
232.0,25.0,2017-04-12 15:10:45
232.0,25.0,2017-06-06 19:45:20
232.0,25.0,2016-11-17 16:18:04
232.0,25.0,2017-06-19 22:51:55
233.0,25.0,2017-02-01 13:28:42
233.0,25.0,2017-12-16 12:11:49
233.0,50.0,2017-12-17 13:48:38
233.0,25.0,2016-07-19 14:56:55
235.0,25.0,2017-01-17 19:06:40
235.0,25.0,2018-02-11 21:53:09
235.0,25.0,2017-01-03 22:13:52
235.0,25.0,2017-09-21 22:47:23
235.0,25.0,2017-10-16 14:26:04
235.0,25.0,2016-12-29 18:09:00
235.0,25.0,2017-01-23 15:09:01
235.0,50.0,2018-04-22 18:26:36
238.0,75.0,2017-12-28 15:56:08
238.0,100.0,2017-03-21 22:07:02
238.0,75.0,2017-05-05 13:59:29
238.0,75.0,2017-01-30 16:50:49
240.0,25.0,2017-01-10 17:18:34
240.0,25.0,2016-10-30 16:18:54
240.0,50.0,2017-10-30 16:47:35
240.0,25.0,2018-02-02 18:08:04
241.0,250.0,2016-12-03 18:54:47
241.0,500.0,2015-12-17 19:43:13
241.0,250.0,2017-05-04 21:25:56
241.0,500.0,2016-02-12 14:44:18
241.0,500.0,2015-12-21 13:53:56
241.0,500.0,2016-02-02 14:09:06
241.0,250.0,2017-02-11 19:01:48
241.0,250.0,2017-05-29 16:51:18
241.0,250.0,2017-04-24 19:22:08
242.0,25.0,2018-05-10 21:19:28
242.0,50.0,2018-05-01 20:24:24
245.0,75.0,2016-12-11 11:38:37
245.0,100.0,2016-12-26 12:31:52
245.0,75.0,2017-07-09 19:03:41
245.0,75.0,2016-11-07 17:15:19
247.0,50.0,2017-02-28 20:52:11
247.0,25.0,2017-10-14 13:56:09
249.0,25.0,2016-11-21 15:29:50
249.0,25.0,2018-03-28 20:56:50
249.0,25.0,2017-06-29 17:45:12
249.0,25.0,2017-01-15 21:39:06
250.0,25.0,2018-05-22 16:32:07
250.0,25.0,2017-01-25 14:05:30
250.0,50.0,2015-09-15 13:15:19
250.0,25.0,2015-03-27 13:46:11
251.0,75.0,2018-01-19 17:34:39
251.0,50.0,2018-05-10 18:03:54
252.0,25.0,2018-02-14 17:43:27
252.0,25.0,2015-12-09 15:59:47
252.0,25.0,2017-02-14 21:02:26
252.0,50.0,2015-12-05 16:07:28
252.0,50.0,2017-05-17 22:10:08
252.0,25.0,2015-11-08 18:38:49
252.0,50.0,2015-02-21 17:38:48
252.0,25.0,2016-12-04 16:06:36
252.0,50.0,2016-06-21 14:22:40
252.0,25.0,2016-04-23 15:54:54
252.0,50.0,2017-08-05 16:20:07
252.0,25.0,2015-03-20 22:56:17
253.0,25.0,2017-10-09 20:31:32
253.0,50.0,2017-07-29 11:56:03
253.0,25.0,2016-02-21 11:45:53
253.0,50.0,2016-09-19 18:15:07
253.0,50.0,2017-04-25 16:22:27
253.0,25.0,2017-03-21 12:24:01
253.0,25.0,2017-01-21 13:41:01
253.0,25.0,2017-10-04 16:45:33
254.0,100.0,2017-02-21 15:40:04
254.0,250.0,2016-11-08 13:33:49
254.0,100.0,2017-08-02 12:05:05
254.0,100.0,2016-04-06 17:46:17
254.0,100.0,2016-09-08 19:42:52
254.0,100.0,2017-02-28 18:08:03
254.0,100.0,2018-02-16 19:56:26
254.0,100.0,2018-01-25 15:08:33
254.0,100.0,2018-02-16 20:56:42
254.0,250.0,2018-04-24 11:47:16
254.0,100.0,2016-04-14 16:31:36
254.0,100.0,2016-08-10 11:52:04
255.0,100.0,2017-11-19 21:58:38
255.0,75.0,2016-11-07 17:01:32
256.0,100.0,2016-03-28 12:51:44
256.0,100.0,2016-09-02 21:51:40
256.0,100.0,2016-03-31 11:38:08
256.0,100.0,2017-02-27 11:12:01
256.0,100.0,2016-06-28 14:28:14
256.0,100.0,2016-12-04 19:29:44
256.0,250.0,2016-12-26 21:21:16
256.0,100.0,2017-02-28 20:06:02
260.0,250.0,2018-01-16 21:36:31
262.0,250.0,2017-04-07 12:50:18
262.0,250.0,2016-06-20 20:08:19
262.0,250.0,2018-01-10 14:42:16
262.0,250.0,2017-11-09 12:12:17
263.0,500.0,2018-02-15 17:39:15
263.0,250.0,2018-03-09 20:53:12
264.0,50.0,2017-12-20 15:39:14
264.0,25.0,2018-02-06 15:32:05
265.0,25.0,2017-11-15 13:05:02
271.0,50.0,2018-05-27 13:29:02
273.0,250.0,2018-03-13 19:38:41
273.0,100.0,2018-03-25 16:05:30
277.0,100.0,2018-01-10 13:52:30
277.0,100.0,2017-09-25 20:20:35
278.0,50.0,2018-02-14 17:17:26
278.0,50.0,2018-01-28 13:28:32
278.0,50.0,2018-05-24 12:40:52
278.0,25.0,2017-12-18 15:39:21
279.0,25.0,2016-08-04 15:32:37
279.0,25.0,2018-03-03 21:49:58
279.0,25.0,2015-06-05 21:41:58
279.0,25.0,2016-10-21 21:04:26
279.0,50.0,2015-03-31 20:32:27
279.0,50.0,2015-11-03 12:58:31
279.0,25.0,2018-03-05 17:29:14
279.0,50.0,2015-03-22 14:17:22
280.0,25.0,2018-01-23 20:50:05
280.0,50.0,2017-10-18 20:59:19
282.0,25.0,2016-07-24 14:50:57
282.0,50.0,2016-09-09 19:19:33
283.0,50.0,2018-03-16 21:59:18
284.0,25.0,2017-12-01 16:05:38
284.0,50.0,2018-02-19 12:21:17
284.0,25.0,2018-02-17 14:34:46
284.0,25.0,2018-03-18 14:15:16
287.0,50.0,2017-03-11 12:22:59
287.0,25.0,2015-05-16 14:48:12
287.0,25.0,2017-06-10 12:04:54
287.0,25.0,2016-10-17 14:39:35
289.0,25.0,2017-08-15 11:50:27
290.0,25.0,2018-02-26 22:35:08
291.0,25.0,2016-04-03 15:35:22
291.0,25.0,2016-07-23 20:35:39
291.0,25.0,2015-12-30 19:56:29
291.0,25.0,2018-03-17 17:40:04
291.0,25.0,2016-05-07 11:38:50
291.0,25.0,2017-03-23 11:09:37
291.0,25.0,2015-07-19 13:43:32
291.0,25.0,2015-06-26 21:12:08
291.0,25.0,2016-07-07 12:42:02
291.0,25.0,2017-05-18 13:32:56
291.0,50.0,2015-04-01 11:36:42
291.0,25.0,2018-04-05 13:15:50
291.0,50.0,2016-09-25 20:41:59
291.0,25.0,2015-06-13 17:12:15
291.0,50.0,2017-08-24 12:53:54
291.0,25.0,2017-04-10 15:01:57
291.0,25.0,2016-05-28 14:14:24
291.0,25.0,2016-05-15 14:07:16
291.0,50.0,2016-04-05 20:37:08
291.0,25.0,2017-07-24 19:41:19
291.0,50.0,2015-10-25 21:16:42
296.0,500.0,2018-05-25 14:36:44
296.0,500.0,2018-01-24 13:13:08
296.0,1000.0,2017-11-05 17:25:29
296.0,1000.0,2017-11-16 21:40:41
296.0,1000.0,2017-09-12 12:06:56
296.0,1000.0,2018-03-24 15:11:54
298.0,25.0,2018-03-03 22:25:19
298.0,25.0,2017-12-24 20:00:40
298.0,50.0,2018-03-21 21:11:45
298.0,25.0,2018-04-09 18:24:18
300.0,25.0,2017-03-09 14:12:33
300.0,25.0,2017-08-26 15:25:43
300.0,25.0,2017-03-27 14:31:00
300.0,25.0,2017-05-14 18:05:18
301.0,25.0,2017-08-22 14:48:15
301.0,50.0,2017-05-29 21:16:39
302.0,25.0,2017-07-12 19:32:33
302.0,25.0,2017-08-04 20:50:06
304.0,25.0,2017-10-19 19:55:42
304.0,25.0,2018-01-29 20:27:57
304.0,50.0,2018-03-01 14:55:04
304.0,50.0,2017-12-07 12:14:47
305.0,500.0,2015-09-10 12:01:33
305.0,500.0,2016-06-19 20:49:58
305.0,500.0,2015-12-08 20:37:37
305.0,1000.0,2015-04-04 15:20:23
307.0,25.0,2017-02-04 15:43:41
307.0,50.0,2018-01-01 22:27:24
308.0,25.0,2017-12-03 21:59:39
308.0,25.0,2017-05-02 16:48:03
308.0,25.0,2017-11-04 14:55:18
308.0,50.0,2018-01-08 16:56:23
308.0,25.0,2018-01-20 15:52:09
308.0,50.0,2018-05-11 14:03:24
308.0,25.0,2018-03-27 19:19:32
308.0,25.0,2017-06-19 16:39:26
308.0,50.0,2017-02-05 14:51:14
308.0,25.0,2017-06-28 15:20:39
308.0,25.0,2017-09-18 21:15:51
308.0,25.0,2018-02-06 13:28:09
310.0,50.0,2018-05-22 22:32:00
310.0,50.0,2018-03-23 11:14:12
311.0,25.0,2017-06-06 21:19:59
311.0,25.0,2017-07-08 13:37:25
311.0,25.0,2016-08-12 18:55:48
311.0,25.0,2016-12-14 16:08:48
311.0,25.0,2016-10-25 14:53:45
311.0,25.0,2017-03-30 14:11:19
312.0,25.0,2018-03-09 16:39:01
312.0,50.0,2018-04-21 17:35:31
312.0,25.0,2016-10-05 20:21:42
312.0,25.0,2017-05-30 15:22:04
315.0,50.0,2017-11-14 17:31:01
316.0,25.0,2018-04-17 17:40:46
316.0,25.0,2015-10-07 12:38:56
316.0,25.0,2016-04-16 17:52:08
316.0,25.0,2017-02-20 14:20:02
316.0,50.0,2016-04-24 22:34:52
316.0,25.0,2017-10-04 13:44:45
316.0,50.0,2017-05-10 16:28:35
316.0,50.0,2016-05-02 21:20:31
316.0,50.0,2016-07-29 20:58:20
316.0,50.0,2016-11-09 16:25:30
316.0,50.0,2017-06-10 17:28:50
316.0,25.0,2016-12-25 13:41:41
318.0,250.0,2017-05-20 21:12:17
318.0,500.0,2016-01-07 22:50:00
318.0,250.0,2017-02-18 11:50:32
318.0,250.0,2017-03-23 22:43:00
318.0,500.0,2018-05-19 13:06:25
318.0,500.0,2017-05-26 16:13:38
322.0,50.0,2017-01-15 11:17:46
322.0,25.0,2016-10-26 20:20:51
322.0,50.0,2016-08-11 17:39:12
322.0,50.0,2016-11-24 22:23:41
322.0,25.0,2016-07-08 15:28:54
322.0,50.0,2017-05-10 21:37:10
323.0,25.0,2017-11-07 18:26:55
323.0,25.0,2017-11-20 19:39:35
323.0,25.0,2016-06-04 13:00:31
323.0,25.0,2015-06-07 17:48:05
323.0,50.0,2015-10-23 18:11:52
323.0,25.0,2015-03-10 16:31:52
324.0,25.0,2017-12-07 15:59:26
324.0,25.0,2017-10-09 12:42:20
325.0,25.0,2015-09-26 19:00:17
325.0,50.0,2015-07-14 20:57:37
325.0,25.0,2015-12-04 18:49:22
325.0,50.0,2016-01-02 17:57:06
325.0,25.0,2016-07-08 22:30:31
325.0,25.0,2015-03-14 21:57:49
325.0,25.0,2017-12-12 17:41:51
325.0,25.0,2015-10-05 17:43:03
326.0,25.0,2018-03-28 16:15:56
327.0,25.0,2018-02-05 17:20:39
327.0,25.0,2017-10-04 14:42:16
327.0,25.0,2017-12-05 20:37:05
327.0,25.0,2017-12-29 20:26:43
329.0,100.0,2017-06-15 14:27:01
329.0,100.0,2017-04-20 13:46:55
329.0,100.0,2018-02-14 22:08:08
329.0,100.0,2016-10-08 14:13:50
329.0,100.0,2016-02-25 18:44:26
329.0,100.0,2016-11-03 17:02:14
330.0,1000.0,2018-03-04 18:41:17
330.0,500.0,2016-10-11 19:17:38
330.0,1000.0,2017-09-04 19:15:18
330.0,1000.0,2016-09-17 19:18:10
330.0,500.0,2017-07-03 22:57:55
330.0,500.0,2016-07-04 22:04:17
330.0,500.0,2017-03-13 19:40:32
330.0,1000.0,2016-05-28 16:11:36
330.0,500.0,2017-12-18 21:16:22
330.0,500.0,2017-06-16 20:54:54
330.0,500.0,2018-03-17 20:43:34
330.0,1000.0,2017-05-21 21:20:56
332.0,25.0,2017-11-14 21:38:08
332.0,25.0,2018-01-19 22:32:16
333.0,25.0,2018-02-25 15:26:13
333.0,25.0,2018-04-06 17:57:51
334.0,25.0,2018-01-04 18:01:10
334.0,50.0,2016-07-09 13:27:14
334.0,25.0,2015-04-11 18:41:43
334.0,25.0,2015-10-11 21:59:19
334.0,25.0,2018-04-13 21:17:04
334.0,50.0,2017-03-04 12:39:13
334.0,25.0,2015-06-23 22:22:37
334.0,50.0,2017-02-10 22:21:55
334.0,25.0,2016-09-01 19:05:25
335.0,250.0,2018-01-03 13:23:48
335.0,500.0,2018-02-27 21:54:02
336.0,25.0,2018-01-15 18:03:22
337.0,50.0,2017-04-11 13:56:10
337.0,25.0,2018-04-16 15:07:43
337.0,25.0,2017-12-10 16:11:57
337.0,50.0,2017-03-30 11:38:46
337.0,50.0,2017-11-06 21:20:33
337.0,25.0,2015-07-06 22:58:49
337.0,25.0,2018-04-05 19:28:46
337.0,25.0,2017-04-19 18:23:46
337.0,25.0,2016-07-24 14:45:22
338.0,25.0,2016-08-12 12:06:03
338.0,50.0,2018-02-18 17:42:03
341.0,25.0,2018-03-20 18:38:40
341.0,25.0,2018-01-13 21:07:21
341.0,25.0,2018-03-05 22:34:31
342.0,25.0,2017-10-15 22:45:20
342.0,25.0,2017-11-22 14:11:34
342.0,50.0,2017-09-11 15:33:06
342.0,25.0,2017-07-16 19:05:25
342.0,25.0,2017-06-22 14:13:35
342.0,25.0,2017-02-09 12:33:25
343.0,50.0,2018-03-02 22:28:38
343.0,25.0,2017-10-17 13:26:56
344.0,25.0,2016-03-18 17:27:05
344.0,25.0,2016-10-19 14:05:46
344.0,25.0,2016-12-27 19:31:09
344.0,25.0,2016-04-24 11:47:06
344.0,50.0,2017-06-30 19:54:36
344.0,25.0,2017-04-12 18:44:27
344.0,25.0,2017-06-03 21:43:31
344.0,25.0,2016-04-18 18:23:15
344.0,25.0,2017-09-21 14:49:12
344.0,25.0,2018-04-24 16:31:58
344.0,25.0,2016-10-25 18:38:56
344.0,25.0,2018-02-09 14:44:46
345.0,50.0,2017-03-08 22:26:27
345.0,25.0,2018-02-19 21:58:31
346.0,25.0,2018-02-23 17:16:28
346.0,50.0,2017-12-27 17:41:02
346.0,25.0,2016-12-09 22:29:27
346.0,25.0,2016-12-24 13:15:13
346.0,50.0,2018-01-07 17:42:35
346.0,50.0,2018-05-06 16:00:40
347.0,1500.0,2017-12-14 12:12:42
347.0,2000.0,2018-05-01 20:43:08
348.0,50.0,2017-01-11 20:03:44
348.0,25.0,2017-04-13 18:08:42
348.0,50.0,2016-08-04 17:36:58
348.0,50.0,2016-10-18 17:43:20
348.0,25.0,2016-07-08 11:08:36
348.0,25.0,2017-07-15 21:41:49
349.0,50.0,2017-09-26 12:50:50
350.0,25.0,2017-11-20 15:13:16
350.0,50.0,2018-02-11 17:04:58
350.0,50.0,2018-02-04 16:52:46
350.0,25.0,2018-02-06 12:05:46
351.0,25.0,2016-02-21 14:15:45
351.0,25.0,2015-08-29 17:12:08
351.0,25.0,2016-06-19 13:27:45
351.0,25.0,2017-08-20 11:47:06
351.0,50.0,2015-10-29 21:51:40
351.0,50.0,2018-02-15 17:00:21
351.0,50.0,2015-04-30 15:26:53
351.0,25.0,2015-08-23 18:03:57
352.0,25.0,2016-11-26 20:25:57
352.0,25.0,2017-08-04 12:24:21
352.0,25.0,2016-11-19 17:54:01
352.0,25.0,2017-04-23 19:10:17
354.0,50.0,2016-09-02 16:04:05
354.0,25.0,2016-02-14 11:06:27
354.0,25.0,2017-03-18 12:02:07
354.0,50.0,2018-03-24 22:17:01
354.0,25.0,2017-11-12 14:36:00
354.0,25.0,2016-06-20 22:32:17
354.0,50.0,2018-04-07 14:19:47
354.0,25.0,2016-07-31 16:11:49
355.0,1500.0,2017-11-03 14:48:06
355.0,2000.0,2018-05-02 15:28:12
355.0,2000.0,2018-03-02 16:36:29
355.0,1500.0,2018-05-20 16:21:39
355.0,1500.0,2018-05-16 11:11:17
356.0,250.0,2017-04-28 21:22:56
356.0,100.0,2018-03-29 16:21:19
356.0,250.0,2017-08-11 21:38:10
356.0,100.0,2017-06-29 11:35:59
361.0,2000.0,2017-07-30 22:39:31
361.0,2000.0,2018-03-24 11:15:29
361.0,2000.0,2018-03-22 17:35:10
361.0,1500.0,2018-03-11 12:10:15
362.0,25.0,2017-11-14 22:22:36
362.0,25.0,2016-06-07 14:00:41
362.0,25.0,2015-12-05 21:32:41
362.0,25.0,2016-10-11 19:06:53
364.0,50.0,2017-08-14 22:58:03
364.0,25.0,2016-09-22 16:23:59
368.0,100.0,2017-11-13 20:22:37
370.0,1500.0,2017-06-03 21:27:09
370.0,1000.0,2017-12-17 19:54:20
373.0,250.0,2016-03-03 13:05:49
373.0,500.0,2018-02-09 15:24:25
373.0,500.0,2015-09-12 11:06:46
373.0,250.0,2016-04-12 19:21:39
373.0,500.0,2017-07-15 20:44:37
373.0,500.0,2017-05-30 15:31:49
375.0,50.0,2017-10-10 22:51:21
375.0,50.0,2017-02-17 20:35:59
375.0,75.0,2018-02-04 13:20:49
375.0,75.0,2017-04-05 21:45:03
378.0,50.0,2017-03-29 22:01:21
378.0,50.0,2017-10-24 22:31:21
378.0,25.0,2018-03-19 21:24:00
378.0,25.0,2017-02-01 13:36:23
378.0,25.0,2017-12-06 17:11:51
378.0,50.0,2016-07-13 18:10:53
378.0,25.0,2017-06-03 22:52:43
378.0,50.0,2018-05-24 18:26:15
382.0,1000.0,2017-11-02 15:38:34
383.0,500.0,2018-05-05 18:46:54
383.0,500.0,2017-12-21 19:17:18
384.0,100.0,2017-03-26 15:08:16
386.0,25.0,2016-04-11 11:28:38
386.0,25.0,2017-12-26 14:05:44
386.0,25.0,2015-03-13 16:05:33
386.0,25.0,2016-11-03 13:35:28
386.0,50.0,2017-09-22 22:16:17
386.0,25.0,2018-01-15 11:03:42
386.0,50.0,2017-08-13 18:09:37
386.0,50.0,2017-11-13 14:18:47
388.0,25.0,2017-05-11 22:46:27
388.0,25.0,2017-03-27 21:19:21
389.0,75.0,2017-01-02 21:37:22
389.0,75.0,2015-07-24 16:04:14
389.0,75.0,2015-07-08 17:31:43
391.0,25.0,2018-04-23 14:06:52
391.0,25.0,2018-05-08 18:10:47
391.0,25.0,2018-04-07 20:20:12
392.0,25.0,2016-05-15 12:53:12
392.0,50.0,2016-03-11 18:27:47
392.0,25.0,2017-11-01 19:32:27
393.0,50.0,2016-06-29 20:45:45
393.0,75.0,2015-07-18 14:45:45
393.0,75.0,2017-10-31 14:26:38
393.0,50.0,2017-08-10 18:34:25
393.0,75.0,2016-05-26 11:17:36
393.0,50.0,2016-07-05 18:16:29
393.0,50.0,2016-05-09 15:44:41
393.0,75.0,2016-12-08 21:13:43
393.0,50.0,2016-11-07 19:15:28
393.0,50.0,2015-09-21 16:41:10
393.0,50.0,2017-01-13 20:06:16
393.0,75.0,2017-10-26 13:59:41
394.0,25.0,2017-01-06 16:51:05
394.0,25.0,2018-04-08 22:49:42
396.0,50.0,2017-07-14 19:28:52
396.0,25.0,2017-11-01 22:19:55
396.0,25.0,2017-09-06 19:50:51
396.0,25.0,2015-12-01 20:38:27
396.0,25.0,2017-08-17 17:56:01
396.0,25.0,2017-07-31 18:50:15
399.0,25.0,2018-02-06 21:41:44
399.0,50.0,2017-03-31 14:08:54
399.0,25.0,2017-08-12 18:10:44
399.0,25.0,2018-01-19 17:29:11
402.0,500.0,2018-02-20 18:51:52
402.0,500.0,2016-09-07 21:51:10
402.0,500.0,2017-02-20 14:47:39
404.0,25.0,2018-02-12 11:33:51
404.0,25.0,2017-08-24 21:00:46
404.0,50.0,2017-11-01 12:58:09
405.0,50.0,2016-11-10 15:42:42
405.0,50.0,2017-04-25 19:26:46
410.0,100.0,2018-04-02 11:16:29
410.0,100.0,2018-03-17 11:59:33
410.0,250.0,2017-12-16 19:05:19
411.0,50.0,2017-11-17 16:28:12
411.0,50.0,2018-05-21 22:20:51
411.0,50.0,2017-11-15 19:27:42
412.0,25.0,2018-02-04 14:17:26
419.0,25.0,2017-10-27 20:38:37
420.0,50.0,2015-12-28 11:29:47
420.0,50.0,2016-07-22 11:57:55
420.0,25.0,2018-01-17 17:13:52
420.0,25.0,2017-10-28 14:33:21
420.0,25.0,2016-07-29 19:42:34
420.0,25.0,2017-11-06 11:06:02
420.0,25.0,2018-05-10 21:19:18
420.0,25.0,2015-12-25 20:00:50
421.0,25.0,2016-10-25 14:45:10
421.0,50.0,2016-05-11 11:27:55
421.0,25.0,2015-11-02 13:57:41
421.0,50.0,2016-08-19 20:34:08
421.0,25.0,2018-01-20 15:58:07
421.0,25.0,2017-07-31 11:27:15
421.0,25.0,2017-07-07 19:36:19
421.0,25.0,2015-12-03 16:32:51
421.0,25.0,2016-08-01 21:43:26
421.0,25.0,2017-02-04 13:08:42
421.0,25.0,2018-05-16 12:11:08
421.0,25.0,2015-10-03 13:11:20
423.0,25.0,2018-05-17 15:59:04
423.0,25.0,2018-04-15 13:04:02
424.0,25.0,2017-10-09 22:37:15
424.0,50.0,2017-12-30 16:29:03
424.0,25.0,2017-04-12 21:09:23
424.0,50.0,2017-04-28 11:36:24
425.0,25.0,2017-09-26 19:32:55
425.0,25.0,2017-08-30 21:52:17
425.0,25.0,2018-04-05 12:07:46
426.0,50.0,2017-12-31 16:23:50
426.0,25.0,2017-03-29 16:23:21
426.0,25.0,2018-05-06 12:47:50
426.0,50.0,2017-11-07 11:55:34
426.0,50.0,2017-11-28 13:21:50
426.0,50.0,2015-07-27 17:27:05
426.0,25.0,2016-08-07 21:21:10
426.0,25.0,2015-04-23 12:11:46
426.0,25.0,2017-03-08 15:57:10
426.0,25.0,2016-08-30 20:47:22
426.0,25.0,2016-09-19 16:10:26
426.0,50.0,2016-07-04 13:17:11
426.0,25.0,2017-08-23 12:41:43
426.0,50.0,2016-06-21 21:53:42
426.0,50.0,2016-08-20 12:33:55
428.0,1000.0,2015-09-02 14:59:47
428.0,1000.0,2016-03-07 11:18:26
428.0,1000.0,2015-08-09 19:22:55
428.0,1500.0,2015-04-02 12:43:30
429.0,50.0,2016-09-09 11:48:51
429.0,25.0,2015-08-16 18:44:51
429.0,50.0,2015-07-30 22:22:23
429.0,25.0,2016-04-05 11:33:21
429.0,25.0,2017-11-23 16:04:02
429.0,25.0,2016-03-20 22:13:24
429.0,50.0,2016-03-02 14:55:41
429.0,50.0,2017-11-22 22:44:10
436.0,50.0,2018-04-12 17:02:50
436.0,25.0,2016-08-27 12:54:16
436.0,25.0,2015-11-25 20:30:18
436.0,50.0,2015-08-20 15:04:44
436.0,50.0,2018-01-13 18:06:42
436.0,25.0,2016-10-13 16:18:16
436.0,25.0,2018-01-12 22:47:02
436.0,25.0,2016-03-12 15:49:27
436.0,25.0,2016-05-29 17:58:42
436.0,25.0,2015-08-19 16:11:56
436.0,25.0,2018-02-28 17:12:39
436.0,50.0,2016-01-03 20:44:34
437.0,25.0,2016-12-24 22:19:36
437.0,25.0,2017-01-12 21:25:14
437.0,25.0,2018-02-02 18:23:32
437.0,50.0,2018-02-07 12:20:31
441.0,500.0,2017-11-28 22:30:50
441.0,500.0,2017-11-09 18:30:49
442.0,25.0,2018-06-03 21:33:53
442.0,25.0,2018-01-28 18:10:32
442.0,25.0,2017-09-04 17:40:37
442.0,25.0,2018-03-22 16:41:17
442.0,50.0,2017-12-20 18:34:38
443.0,500.0,2017-01-30 22:53:05
443.0,250.0,2018-04-10 16:21:02
443.0,250.0,2016-11-04 11:14:13
443.0,250.0,2017-02-19 17:23:45
444.0,50.0,2016-09-11 22:59:28
444.0,25.0,2016-08-07 11:19:43
444.0,50.0,2015-10-14 17:34:34
445.0,25.0,2016-10-11 19:19:11
445.0,25.0,2018-01-31 22:18:42
445.0,50.0,2018-02-26 19:14:13
445.0,25.0,2017-02-08 21:45:57
446.0,25.0,2017-07-03 14:11:56
446.0,25.0,2017-09-26 12:07:45
447.0,1000.0,2018-04-09 15:57:36
447.0,500.0,2018-01-11 22:14:32
447.0,1000.0,2018-01-08 19:25:16
447.0,500.0,2018-03-29 13:09:29
447.0,500.0,2017-01-19 18:50:08
447.0,500.0,2017-08-24 17:35:06
447.0,500.0,2017-10-04 22:06:43
447.0,500.0,2018-01-14 22:53:59
450.0,100.0,2017-02-05 17:03:08
450.0,250.0,2017-04-23 20:33:34
451.0,50.0,2017-12-19 13:08:24
451.0,50.0,2017-09-09 14:16:03
451.0,25.0,2017-09-19 12:03:49
451.0,50.0,2017-10-09 18:50:29
451.0,25.0,2017-08-30 11:25:01
453.0,75.0,2017-11-15 18:45:56
453.0,50.0,2017-01-12 20:30:01
453.0,50.0,2017-09-24 13:17:05
453.0,50.0,2017-09-15 18:23:14
453.0,50.0,2017-02-26 20:16:09
453.0,75.0,2018-03-05 19:27:46
454.0,25.0,2018-02-14 13:47:49
454.0,25.0,2018-04-09 11:22:50
454.0,25.0,2018-04-20 16:11:18
456.0,1500.0,2017-12-02 16:42:50
457.0,25.0,2017-02-10 15:19:48
457.0,25.0,2018-04-25 12:34:55
457.0,25.0,2017-02-12 16:47:02
458.0,50.0,2015-08-03 21:04:04
458.0,25.0,2016-11-14 18:28:22
458.0,25.0,2016-03-22 17:35:27
458.0,50.0,2018-02-25 12:07:31
458.0,25.0,2017-05-10 16:47:58
458.0,25.0,2015-09-23 13:22:25
458.0,50.0,2015-11-04 14:30:25
458.0,25.0,2017-04-19 19:12:21
458.0,25.0,2015-03-31 18:49:08
458.0,50.0,2018-03-05 19:19:49
458.0,50.0,2015-07-25 18:56:10
458.0,25.0,2016-12-26 12:58:53
458.0,50.0,2017-08-02 19:00:57
458.0,25.0,2017-11-05 19:38:33
458.0,25.0,2018-02-25 15:28:08
458.0,25.0,2017-04-05 14:07:01
458.0,25.0,2016-04-27 15:48:28
458.0,25.0,2017-05-16 11:45:09
458.0,50.0,2017-12-17 19:42:51
458.0,25.0,2017-06-04 19:17:48
460.0,25.0,2017-07-28 17:29:47
461.0,50.0,2017-12-13 13:18:58
461.0,25.0,2017-08-26 11:03:02
461.0,25.0,2017-08-25 21:27:07
461.0,50.0,2017-11-16 13:08:18
461.0,25.0,2018-02-15 21:17:41
462.0,25.0,2016-04-07 14:26:17
462.0,50.0,2015-02-25 20:36:19
462.0,25.0,2015-11-05 17:36:08
462.0,50.0,2017-03-02 15:14:27
462.0,25.0,2015-03-15 19:28:02
462.0,25.0,2015-10-22 22:21:57
464.0,50.0,2018-05-10 19:39:12
467.0,50.0,2017-02-10 21:13:42
467.0,25.0,2017-09-17 13:08:59
467.0,25.0,2017-03-13 15:17:37
467.0,25.0,2015-10-13 16:14:26
467.0,25.0,2018-05-28 11:54:51
467.0,25.0,2017-01-06 20:46:18
470.0,75.0,2017-03-25 20:44:25
471.0,1000.0,2017-12-25 16:57:05
471.0,500.0,2018-02-26 12:17:29
471.0,500.0,2015-10-26 18:06:48
471.0,500.0,2017-07-06 16:55:46
471.0,1000.0,2016-07-10 21:27:15
471.0,500.0,2015-03-12 15:09:50
471.0,1000.0,2015-03-31 21:40:17
471.0,1000.0,2015-04-23 22:52:00
471.0,500.0,2015-12-04 14:53:10
471.0,1000.0,2016-01-30 12:47:10
471.0,500.0,2015-06-14 21:12:09
471.0,1000.0,2015-03-05 11:56:29
472.0,25.0,2016-07-30 19:33:48
472.0,50.0,2016-07-31 16:39:48
472.0,25.0,2015-06-04 13:33:56
472.0,50.0,2017-04-08 12:53:38
472.0,25.0,2016-12-09 20:07:03
472.0,25.0,2016-11-18 13:08:04
472.0,50.0,2016-12-18 22:56:12
472.0,50.0,2016-10-19 22:18:05
472.0,50.0,2016-07-25 22:39:56
472.0,25.0,2017-07-07 11:33:06
472.0,25.0,2016-01-30 20:18:34
472.0,25.0,2015-09-10 16:35:10
474.0,25.0,2017-12-16 12:24:07
475.0,250.0,2015-08-17 16:25:16
475.0,100.0,2018-05-17 17:11:02
475.0,100.0,2015-09-29 15:22:21
475.0,100.0,2016-03-11 22:20:55
475.0,100.0,2015-09-25 11:26:45
475.0,100.0,2016-06-26 15:37:35
475.0,100.0,2017-10-09 19:40:06
475.0,250.0,2018-05-03 16:29:05
476.0,250.0,2017-06-26 21:28:09
479.0,50.0,2017-12-01 15:03:17
479.0,25.0,2018-02-10 13:59:53
479.0,25.0,2016-11-21 16:12:36
479.0,25.0,2016-11-06 16:36:19
479.0,25.0,2017-07-12 15:20:24
479.0,25.0,2017-07-14 14:38:02
480.0,75.0,2018-04-13 16:32:14
480.0,100.0,2018-03-26 20:44:41
481.0,50.0,2018-05-25 21:32:06
481.0,50.0,2015-08-10 17:41:19
481.0,50.0,2018-05-23 19:30:07
481.0,50.0,2016-08-27 15:09:56
481.0,75.0,2016-01-18 15:06:15
481.0,50.0,2017-02-28 15:30:00
481.0,50.0,2015-07-17 14:10:17
481.0,50.0,2016-05-31 20:54:20
483.0,25.0,2017-01-01 14:34:21
483.0,25.0,2017-04-27 19:31:29
483.0,25.0,2017-06-21 14:25:55
483.0,25.0,2016-08-23 12:55:35
483.0,25.0,2018-05-29 20:48:23
483.0,25.0,2018-03-14 19:58:28
483.0,25.0,2016-09-24 11:56:47
483.0,25.0,2018-04-20 11:14:09
483.0,25.0,2017-07-15 12:05:53
486.0,250.0,2018-04-04 19:17:09
486.0,100.0,2018-05-19 13:53:11
486.0,250.0,2017-09-09 13:37:53
486.0,100.0,2018-02-26 22:26:40
486.0,100.0,2017-11-06 21:16:46
487.0,25.0,2017-07-14 14:37:39
487.0,25.0,2018-01-15 13:44:44
487.0,25.0,2017-05-04 11:57:21
487.0,50.0,2017-03-16 19:51:39
487.0,25.0,2017-10-10 12:39:25
487.0,25.0,2017-10-05 13:31:56
487.0,25.0,2018-04-09 17:58:42
487.0,25.0,2017-10-11 22:19:39
487.0,25.0,2018-01-02 15:22:54
487.0,50.0,2018-05-17 17:18:59
489.0,250.0,2018-02-10 11:58:48
489.0,250.0,2016-12-19 11:27:23
489.0,250.0,2015-12-23 18:49:43
489.0,250.0,2016-11-07 20:58:28
489.0,250.0,2016-06-13 18:23:57
489.0,250.0,2016-11-25 17:05:58
490.0,50.0,2017-05-07 11:09:42
490.0,50.0,2016-08-18 14:45:54
491.0,25.0,2017-05-17 21:35:19
492.0,25.0,2017-04-23 11:06:07
492.0,25.0,2017-11-12 18:44:33
493.0,250.0,2017-12-25 17:03:16
493.0,500.0,2017-12-22 18:55:22
495.0,25.0,2015-07-09 21:27:14
495.0,25.0,2018-05-28 13:36:58
495.0,25.0,2017-12-17 16:55:25
495.0,25.0,2016-05-16 15:30:06
495.0,25.0,2017-03-19 16:22:05
495.0,25.0,2015-05-21 12:11:27
495.0,50.0,2017-11-15 11:24:19
495.0,25.0,2017-02-07 13:35:43
498.0,25.0,2018-03-18 13:46:32
498.0,25.0,2018-03-30 14:23:38
500.0,25.0,2016-09-15 11:33:39
500.0,25.0,2018-02-07 20:58:42
500.0,50.0,2016-05-17 17:05:32
500.0,25.0,2016-11-08 20:06:00
500.0,50.0,2016-08-04 19:14:47
500.0,25.0,2015-11-17 21:12:17
501.0,25.0,2018-03-10 13:19:08
501.0,50.0,2017-12-27 22:16:44
501.0,50.0,2018-01-14 11:00:41
501.0,50.0,2017-11-30 15:39:39
502.0,75.0,2016-04-06 13:12:36
502.0,75.0,2016-11-21 19:19:32
502.0,75.0,2017-05-16 12:59:52
502.0,100.0,2016-12-13 17:29:47
502.0,75.0,2015-08-09 11:13:19
502.0,100.0,2016-09-28 20:03:36
502.0,75.0,2015-12-21 17:09:42
502.0,100.0,2017-09-22 14:12:57
503.0,25.0,2017-12-31 12:45:35
504.0,25.0,2016-08-28 18:49:34
504.0,25.0,2016-10-09 11:47:44
504.0,25.0,2016-08-24 14:59:02
504.0,50.0,2017-06-02 21:20:07
509.0,25.0,2018-04-24 21:04:14
509.0,25.0,2017-04-12 19:05:35
509.0,50.0,2015-09-03 18:08:17
509.0,50.0,2015-05-01 12:16:18
509.0,50.0,2016-03-05 21:14:07
509.0,50.0,2016-04-04 22:42:36
509.0,25.0,2016-04-24 21:02:34
509.0,25.0,2017-04-19 21:40:36
509.0,25.0,2017-12-23 18:33:43
509.0,25.0,2016-01-17 20:08:29
509.0,25.0,2017-03-16 15:39:28
509.0,25.0,2017-10-11 11:01:47
509.0,25.0,2016-02-20 17:10:30
509.0,25.0,2017-11-05 15:35:31
509.0,25.0,2016-12-04 18:19:18
509.0,50.0,2015-06-14 22:18:35
510.0,50.0,2017-12-25 18:05:21
510.0,25.0,2017-11-14 13:17:05
511.0,25.0,2015-05-23 19:19:58
511.0,50.0,2018-01-05 17:25:59
511.0,25.0,2018-01-19 11:46:00
512.0,25.0,2017-10-03 11:11:26
513.0,2000.0,2017-07-27 17:50:59
513.0,1500.0,2017-10-09 14:47:48
513.0,1500.0,2017-04-01 16:16:42
513.0,1500.0,2017-12-28 15:00:11
513.0,1500.0,2017-03-19 19:33:51
513.0,1500.0,2017-09-04 16:11:59
515.0,250.0,2018-03-22 20:32:11
515.0,250.0,2018-04-28 18:14:55
516.0,50.0,2015-03-22 13:37:33
516.0,50.0,2015-10-18 19:34:45
516.0,50.0,2015-09-09 19:32:04
516.0,25.0,2017-08-23 16:07:39
517.0,25.0,2018-01-31 16:04:00
517.0,50.0,2018-05-22 21:40:21
517.0,50.0,2018-03-20 15:25:26
517.0,25.0,2018-05-02 12:37:01
517.0,25.0,2017-06-28 12:21:39
517.0,50.0,2017-05-16 22:07:02
518.0,50.0,2018-06-01 21:06:29
518.0,50.0,2016-10-19 13:57:42
518.0,50.0,2016-05-28 17:45:27
518.0,75.0,2017-04-29 12:44:14
518.0,75.0,2017-05-22 11:19:04
518.0,50.0,2016-01-23 18:37:08
518.0,50.0,2017-10-06 21:29:05
518.0,50.0,2017-12-31 22:56:50
518.0,50.0,2015-07-07 16:27:20
518.0,75.0,2017-08-25 13:04:53
518.0,50.0,2016-03-16 20:48:48
518.0,50.0,2018-03-31 15:14:26
518.0,50.0,2015-12-29 17:50:34
518.0,75.0,2016-06-21 20:30:29
518.0,75.0,2015-06-15 17:44:52
518.0,50.0,2018-05-24 15:27:00
520.0,50.0,2016-10-18 21:58:34
520.0,25.0,2016-02-25 22:18:57
520.0,25.0,2018-03-30 19:43:05
520.0,50.0,2017-02-01 14:21:19
520.0,25.0,2016-07-13 16:44:51
520.0,25.0,2016-09-18 13:27:55
520.0,50.0,2017-03-16 15:52:52
520.0,25.0,2016-05-16 13:38:11
521.0,50.0,2018-03-14 13:39:50
521.0,50.0,2017-11-20 15:42:08
524.0,1500.0,2018-05-12 22:56:02
529.0,1000.0,2018-05-01 22:31:59
529.0,500.0,2017-03-18 18:42:58
529.0,500.0,2018-02-03 15:00:39
529.0,1000.0,2015-06-13 18:00:26
529.0,500.0,2015-09-01 18:28:37
529.0,1000.0,2015-12-13 20:21:30
529.0,500.0,2017-02-24 13:34:08
529.0,500.0,2016-11-07 12:27:47
529.0,500.0,2017-01-01 13:44:28
529.0,500.0,2017-03-24 19:03:27
529.0,1000.0,2015-11-16 17:23:48
529.0,500.0,2018-05-21 19:55:26
529.0,500.0,2016-05-02 22:07:25
529.0,500.0,2015-02-20 20:19:34
529.0,500.0,2017-01-20 11:02:16
529.0,500.0,2015-05-23 15:12:47
531.0,500.0,2017-08-23 14:00:33
531.0,500.0,2017-07-30 16:01:13
532.0,1000.0,2018-02-05 19:50:03
532.0,1000.0,2017-03-21 21:36:05
532.0,500.0,2017-02-28 22:33:51
532.0,500.0,2018-05-05 15:01:13
532.0,1000.0,2018-05-11 13:43:21
532.0,500.0,2017-02-26 17:24:29
532.0,500.0,2017-12-12 16:30:16
532.0,500.0,2018-05-08 15:09:51
534.0,100.0,2018-01-05 18:17:33
534.0,75.0,2018-06-02 15:37:05
534.0,100.0,2018-04-27 14:39:51
534.0,75.0,2018-03-17 18:02:23
536.0,50.0,2017-11-17 22:53:35
536.0,50.0,2017-12-23 15:21:47
538.0,25.0,2018-05-04 11:06:19
538.0,25.0,2018-02-03 14:11:23
538.0,50.0,2018-01-30 13:41:49
538.0,50.0,2018-03-21 12:28:03
539.0,250.0,2017-10-28 13:38:53
539.0,100.0,2017-04-09 22:29:17
539.0,250.0,2017-09-14 15:59:14
540.0,100.0,2015-11-01 20:00:10
540.0,100.0,2017-07-31 11:28:30
540.0,250.0,2017-03-21 15:55:09
540.0,250.0,2018-05-16 11:23:19
540.0,100.0,2017-02-17 18:10:34
540.0,250.0,2017-08-12 19:21:49
540.0,250.0,2017-05-19 19:24:03
540.0,100.0,2016-03-06 17:54:26
543.0,25.0,2018-03-30 13:36:32
543.0,25.0,2017-05-11 18:15:05
543.0,25.0,2018-05-03 20:14:01
544.0,25.0,2017-12-10 21:23:31
544.0,50.0,2018-01-08 13:35:27
544.0,25.0,2017-09-22 17:25:18
548.0,25.0,2017-05-29 19:51:24
549.0,100.0,2017-11-17 13:01:10
549.0,75.0,2017-11-19 18:05:35
549.0,100.0,2016-07-30 16:04:52
549.0,75.0,2016-02-13 18:49:43
549.0,75.0,2017-08-02 22:45:32
549.0,75.0,2017-12-11 15:14:57
551.0,100.0,2018-02-13 15:03:25
552.0,50.0,2018-04-15 13:07:19
553.0,25.0,2018-02-13 17:33:04
553.0,25.0,2018-02-23 15:08:45
555.0,25.0,2017-10-23 19:33:13
556.0,25.0,2017-08-27 12:33:38
556.0,25.0,2016-08-25 21:23:35
556.0,25.0,2016-06-23 18:54:16
558.0,25.0,2015-12-31 20:50:09
558.0,25.0,2017-04-10 14:54:31
558.0,50.0,2015-09-02 11:10:53
558.0,50.0,2017-04-14 14:49:25
559.0,250.0,2017-01-25 22:52:07
559.0,250.0,2017-04-02 16:44:38
559.0,250.0,2016-10-01 13:32:01
559.0,250.0,2017-08-30 16:08:08
559.0,500.0,2016-12-12 14:36:24
559.0,250.0,2017-01-05 21:58:17
560.0,1000.0,2018-05-15 11:11:33
562.0,50.0,2017-10-07 22:07:21
565.0,50.0,2016-04-06 12:23:32
565.0,25.0,2017-03-02 12:00:53
565.0,50.0,2016-08-13 11:11:29
565.0,50.0,2015-12-23 13:42:35
565.0,50.0,2016-08-11 20:35:52
565.0,25.0,2017-04-10 15:43:54
565.0,25.0,2016-06-15 20:53:13
565.0,50.0,2017-09-24 13:22:25
565.0,25.0,2016-06-04 15:10:54
566.0,100.0,2018-05-18 13:41:05
568.0,25.0,2016-09-05 22:19:12
568.0,25.0,2017-04-03 15:56:52
569.0,25.0,2018-01-02 13:33:34
570.0,50.0,2017-12-21 17:07:08
572.0,25.0,2015-09-30 16:17:37
572.0,25.0,2015-02-21 17:05:53
572.0,25.0,2017-08-24 12:04:54
572.0,50.0,2018-03-15 22:20:20
573.0,50.0,2017-12-27 19:55:54
573.0,25.0,2017-12-31 16:35:25
573.0,25.0,2017-11-14 20:17:55
573.0,25.0,2016-06-02 16:25:22
573.0,25.0,2015-07-28 13:13:50
573.0,50.0,2017-07-29 22:39:51
573.0,25.0,2017-11-02 16:41:37
573.0,25.0,2017-05-11 11:51:01
573.0,50.0,2017-05-27 14:33:07
573.0,50.0,2015-03-26 20:20:24
573.0,25.0,2016-05-16 17:20:46
573.0,25.0,2018-04-12 13:57:58
575.0,25.0,2018-03-04 11:05:16
575.0,25.0,2018-04-11 17:29:53
575.0,25.0,2017-10-04 17:00:31
575.0,25.0,2018-05-29 15:25:30
576.0,25.0,2017-06-07 18:31:20
576.0,25.0,2017-06-25 14:33:26
577.0,25.0,2017-12-20 17:55:45
577.0,25.0,2016-12-28 14:08:07
577.0,50.0,2015-07-19 11:22:12
577.0,25.0,2018-01-09 22:48:46
580.0,25.0,2018-04-18 18:09:33
580.0,50.0,2017-03-16 11:22:48
580.0,25.0,2016-03-12 22:37:24
580.0,25.0,2015-06-22 14:22:45
580.0,25.0,2017-08-02 19:32:36
580.0,25.0,2018-05-08 14:51:35
580.0,50.0,2016-11-19 18:50:34
580.0,50.0,2018-06-02 22:53:32
580.0,25.0,2016-04-30 14:14:12
580.0,50.0,2016-08-15 13:51:39
580.0,50.0,2015-06-30 17:45:09
580.0,25.0,2015-08-10 14:14:29
582.0,50.0,2016-11-14 11:01:54
582.0,25.0,2016-04-27 15:47:13
582.0,25.0,2017-07-28 22:38:21
582.0,25.0,2017-05-14 22:09:31
582.0,25.0,2017-08-26 12:09:23
582.0,25.0,2015-03-19 13:44:12
582.0,25.0,2016-08-02 12:22:59
582.0,25.0,2017-02-24 16:53:52
582.0,25.0,2016-08-16 21:00:27
582.0,50.0,2018-04-23 11:27:47
582.0,25.0,2018-04-21 13:33:53
582.0,25.0,2017-12-24 17:43:35
583.0,1000.0,2017-09-10 20:08:54
583.0,1000.0,2017-07-22 22:14:41
583.0,1000.0,2018-01-17 17:59:49
584.0,25.0,2017-08-25 12:24:22
584.0,25.0,2018-03-05 22:53:50
584.0,50.0,2017-12-11 17:32:03
584.0,25.0,2017-09-07 14:47:43
584.0,50.0,2017-08-31 18:01:57
586.0,250.0,2016-05-23 16:22:05
586.0,250.0,2016-12-13 14:37:59
586.0,250.0,2016-07-31 12:06:26
587.0,25.0,2017-10-04 13:18:48
587.0,25.0,2017-05-27 20:20:51
590.0,25.0,2016-08-17 13:57:41
590.0,25.0,2015-12-17 21:30:59
590.0,25.0,2018-03-12 19:22:09
590.0,25.0,2017-02-18 11:37:24
590.0,25.0,2017-05-05 14:02:05
590.0,50.0,2016-11-02 19:56:16
591.0,50.0,2017-10-09 13:18:59
591.0,50.0,2017-06-16 14:35:37
594.0,50.0,2018-05-04 11:13:03
594.0,25.0,2018-03-16 14:51:20
594.0,25.0,2018-02-21 13:38:16
595.0,50.0,2018-02-22 20:12:53
595.0,50.0,2017-06-30 20:27:37
596.0,500.0,2017-09-22 19:03:11
596.0,500.0,2018-02-25 11:17:00
596.0,1000.0,2018-02-02 13:55:18
597.0,25.0,2016-06-04 19:19:43
597.0,25.0,2018-05-06 21:05:11
597.0,25.0,2015-09-14 22:50:26
597.0,25.0,2018-04-12 13:02:51
599.0,25.0,2017-12-09 15:06:56
599.0,25.0,2017-10-12 13:44:31
602.0,25.0,2015-11-17 11:39:15
602.0,50.0,2016-12-15 16:44:37
602.0,25.0,2017-10-24 17:49:47
602.0,25.0,2018-03-08 21:07:36
602.0,25.0,2017-01-14 13:43:33
602.0,25.0,2018-05-10 11:19:45
604.0,75.0,2017-11-09 20:16:11
606.0,50.0,2017-11-16 16:00:16
606.0,50.0,2018-01-15 13:34:05
607.0,50.0,2018-02-24 17:07:53
607.0,25.0,2018-01-21 21:21:22
607.0,25.0,2017-07-16 11:28:38
607.0,25.0,2017-08-22 15:40:22
607.0,25.0,2016-07-07 17:35:36
607.0,50.0,2016-10-27 20:47:47
610.0,500.0,2018-05-11 22:31:09
610.0,1000.0,2017-08-16 15:46:16
610.0,1000.0,2016-08-30 17:39:45
610.0,500.0,2017-10-05 22:14:12
610.0,500.0,2017-11-05 15:40:28
610.0,500.0,2017-10-26 12:44:38
610.0,500.0,2017-06-15 21:13:34
610.0,500.0,2018-03-11 22:02:56
610.0,500.0,2017-01-04 16:02:17
610.0,500.0,2017-12-27 19:17:11
614.0,50.0,2018-04-08 14:10:13
614.0,50.0,2018-05-24 14:09:05
615.0,25.0,2016-12-13 20:23:01
615.0,50.0,2017-01-13 11:37:14
615.0,25.0,2018-04-20 11:31:54
615.0,50.0,2017-04-07 13:10:46
615.0,50.0,2016-12-04 14:45:33
615.0,25.0,2018-02-01 22:07:56
615.0,25.0,2016-08-19 19:13:29
615.0,25.0,2017-10-19 21:24:57
615.0,25.0,2015-10-25 21:28:08
615.0,25.0,2015-09-14 17:37:30
615.0,25.0,2016-06-21 16:38:01
615.0,25.0,2015-08-01 15:57:52
616.0,50.0,2015-09-30 18:38:26
616.0,25.0,2018-03-08 21:46:50
616.0,50.0,2017-08-13 16:20:51
617.0,25.0,2016-06-24 15:39:38
617.0,25.0,2016-06-16 13:30:14
618.0,100.0,2018-01-30 13:25:36
618.0,100.0,2018-03-14 22:57:56
618.0,100.0,2017-10-10 15:53:53
618.0,250.0,2017-11-04 21:35:18
618.0,100.0,2017-10-04 18:42:20
620.0,1000.0,2015-06-13 16:38:10
620.0,1000.0,2016-01-11 15:41:35
620.0,1000.0,2015-10-24 19:26:58
621.0,50.0,2017-10-16 21:04:23
621.0,25.0,2018-05-27 14:57:55
621.0,25.0,2017-02-28 21:51:48
621.0,50.0,2016-08-30 12:27:51
621.0,25.0,2017-05-10 11:39:12
621.0,25.0,2017-12-21 14:21:02
622.0,25.0,2018-02-23 15:46:27
623.0,1000.0,2018-05-17 11:47:48
623.0,1000.0,2017-10-28 17:48:57
623.0,1000.0,2017-06-29 17:46:29
623.0,1500.0,2018-05-14 12:35:33
623.0,1000.0,2016-10-03 20:41:11
623.0,1000.0,2017-06-10 20:34:49
627.0,25.0,2017-07-08 17:34:11
627.0,25.0,2015-11-25 13:49:43
627.0,25.0,2017-02-10 11:01:49
627.0,25.0,2017-11-24 11:37:35
627.0,25.0,2017-09-28 21:59:47
627.0,50.0,2017-09-06 13:15:36
627.0,50.0,2017-05-14 22:29:03
627.0,50.0,2017-04-19 22:44:12
627.0,50.0,2016-12-24 22:54:35
630.0,1500.0,2018-02-07 21:53:50
630.0,1500.0,2017-11-13 22:20:28
630.0,1500.0,2017-02-26 13:23:33
630.0,1000.0,2016-11-29 14:09:19
630.0,1000.0,2017-05-01 11:11:55
630.0,1000.0,2017-02-16 17:47:43
630.0,1500.0,2017-03-12 14:29:50
630.0,1500.0,2017-03-18 18:25:47
630.0,1000.0,2017-01-28 14:03:05
630.0,1000.0,2016-11-19 19:49:50
632.0,50.0,2018-05-14 20:47:42
632.0,25.0,2017-07-12 20:14:16
632.0,25.0,2018-05-02 21:59:57
633.0,500.0,2018-04-11 18:49:51
633.0,500.0,2018-03-11 22:12:51
634.0,50.0,2017-01-28 12:17:40
634.0,25.0,2017-03-20 15:05:39
635.0,500.0,2016-09-05 22:12:41
635.0,500.0,2016-12-09 13:58:13
635.0,500.0,2016-11-06 18:55:53
635.0,500.0,2015-12-12 21:27:37
635.0,500.0,2016-09-23 18:47:39
635.0,500.0,2018-04-28 18:24:23
636.0,50.0,2016-11-09 18:01:39
636.0,25.0,2017-05-04 21:11:50
636.0,50.0,2018-05-05 17:16:26
636.0,50.0,2016-10-06 13:27:08
636.0,50.0,2018-05-26 16:39:52
636.0,25.0,2017-09-22 15:22:15
636.0,25.0,2017-10-09 19:30:54
636.0,25.0,2017-09-30 21:53:06
636.0,25.0,2016-05-27 15:28:33
638.0,75.0,2016-06-25 16:06:48
638.0,50.0,2017-12-03 11:57:44
638.0,50.0,2017-10-05 18:34:06
638.0,50.0,2017-07-09 21:31:25
638.0,75.0,2017-02-20 13:18:19
638.0,75.0,2016-06-05 13:12:00
641.0,25.0,2017-09-13 20:21:00
643.0,50.0,2015-09-21 21:18:09
643.0,25.0,2016-10-21 11:00:03
643.0,25.0,2017-08-18 13:26:56
643.0,25.0,2015-11-13 21:21:11
643.0,25.0,2015-04-17 14:49:46
643.0,50.0,2016-10-18 12:59:10
643.0,50.0,2017-04-09 11:42:09
643.0,50.0,2017-04-23 12:25:15
643.0,25.0,2017-09-16 18:38:49
643.0,50.0,2015-10-30 17:59:36
643.0,25.0,2015-04-09 11:34:07
643.0,25.0,2015-08-26 21:00:00
643.0,25.0,2016-12-14 22:56:19
643.0,25.0,2015-02-26 13:50:45
643.0,25.0,2015-07-01 16:26:08
643.0,25.0,2018-04-02 15:03:45
643.0,25.0,2015-10-01 11:30:49
643.0,25.0,2017-07-12 12:28:57
643.0,25.0,2016-10-24 19:49:38
643.0,25.0,2016-01-29 17:08:01
644.0,1500.0,2017-12-29 13:28:19
644.0,1000.0,2017-07-21 14:02:50
644.0,1000.0,2018-03-19 12:25:32
645.0,50.0,2016-05-15 18:29:53
645.0,50.0,2017-10-05 13:32:26
645.0,25.0,2018-01-31 20:30:36
645.0,25.0,2018-03-23 11:10:19
646.0,1000.0,2018-02-15 17:50:42
646.0,1000.0,2017-03-20 15:38:28
646.0,1000.0,2017-02-08 14:14:32
646.0,1000.0,2018-05-24 16:09:37
646.0,1000.0,2018-04-15 18:42:05
646.0,1500.0,2018-02-03 14:32:47
646.0,1000.0,2015-12-26 22:25:19
646.0,1000.0,2017-05-01 15:46:29
646.0,1000.0,2016-11-23 17:32:06
647.0,500.0,2018-05-24 12:14:54
647.0,500.0,2018-02-23 16:53:24
648.0,25.0,2015-02-12 16:50:03
648.0,50.0,2016-03-28 21:01:31
648.0,50.0,2017-11-28 21:02:16
648.0,50.0,2016-12-29 22:54:18
648.0,25.0,2017-10-24 15:25:58
648.0,25.0,2016-04-29 19:46:14
649.0,25.0,2017-07-21 13:40:23
649.0,25.0,2017-06-29 15:19:51
649.0,25.0,2015-05-24 17:40:06
649.0,25.0,2016-12-24 17:55:19
649.0,25.0,2016-04-29 14:54:54
649.0,25.0,2018-01-13 22:12:57
649.0,25.0,2018-03-20 20:20:05
649.0,25.0,2016-09-11 16:44:53
649.0,25.0,2016-10-25 21:59:32
649.0,25.0,2016-12-10 22:16:33
649.0,25.0,2017-03-07 11:32:56
649.0,25.0,2016-01-04 14:21:55
652.0,25.0,2018-02-07 14:01:29
652.0,25.0,2017-03-17 21:14:48
652.0,50.0,2018-03-11 18:57:35
652.0,50.0,2017-06-30 20:44:13
652.0,50.0,2018-02-16 12:08:22
652.0,25.0,2018-04-23 15:49:57
652.0,25.0,2017-02-06 18:42:36
652.0,50.0,2017-03-06 11:49:42
654.0,50.0,2017-10-27 14:04:17
654.0,50.0,2017-12-01 12:55:20
656.0,50.0,2018-03-16 13:35:50
656.0,25.0,2016-02-10 19:45:41
656.0,25.0,2015-03-11 20:11:41
656.0,50.0,2016-03-22 21:04:16
656.0,25.0,2018-02-02 19:12:18
656.0,25.0,2016-06-01 15:43:30
656.0,50.0,2016-02-05 18:35:29
656.0,50.0,2015-03-20 17:18:48
656.0,25.0,2015-07-18 22:55:30
656.0,50.0,2015-04-26 21:06:07
656.0,50.0,2017-06-15 17:49:01
656.0,25.0,2017-07-31 13:30:02
657.0,50.0,2018-03-21 21:39:53
657.0,50.0,2018-04-13 20:15:07
657.0,50.0,2017-10-14 13:35:01
657.0,50.0,2018-05-12 15:28:39
657.0,75.0,2018-02-05 22:03:26
658.0,500.0,2018-02-02 17:37:44
662.0,75.0,2018-05-21 22:28:47
663.0,100.0,2017-11-18 16:34:36
663.0,100.0,2017-11-23 22:00:49
664.0,25.0,2018-04-28 20:28:28
664.0,25.0,2017-10-24 22:20:50
664.0,50.0,2018-01-07 14:41:59
667.0,25.0,2017-06-18 11:46:31
667.0,25.0,2017-10-16 12:44:32
668.0,1000.0,2018-01-09 15:20:44
668.0,1000.0,2018-05-21 12:04:11
669.0,25.0,2017-09-19 12:17:46
669.0,25.0,2017-11-25 12:12:21
670.0,25.0,2017-11-11 12:37:15
670.0,25.0,2017-04-16 17:59:12
670.0,50.0,2017-07-17 21:31:22
670.0,25.0,2018-04-18 14:25:23
670.0,25.0,2017-08-21 18:22:14
670.0,50.0,2018-05-14 22:40:40
672.0,75.0,2017-04-01 16:13:28
672.0,100.0,2016-10-29 15:35:54
672.0,100.0,2017-12-31 12:55:49
672.0,75.0,2016-04-26 12:20:27
672.0,75.0,2017-01-11 17:58:21
672.0,75.0,2017-09-04 21:45:31
676.0,50.0,2018-04-07 12:11:55
676.0,50.0,2018-03-20 19:53:52
677.0,25.0,2017-11-01 20:09:56
677.0,25.0,2017-11-04 17:18:38
677.0,25.0,2018-04-05 15:18:10
677.0,25.0,2018-04-18 19:05:13
677.0,25.0,2017-12-31 17:22:59
679.0,25.0,2018-05-19 17:15:26
679.0,50.0,2018-03-07 20:15:19
679.0,25.0,2018-03-29 21:19:51
681.0,100.0,2018-03-16 17:15:52
683.0,500.0,2018-05-24 15:41:18
684.0,25.0,2018-04-03 13:26:46
684.0,25.0,2018-04-06 11:20:30
685.0,25.0,2017-10-08 17:59:18
685.0,25.0,2017-10-09 22:17:55
686.0,25.0,2018-04-16 12:19:50
686.0,50.0,2018-04-22 16:58:08
686.0,25.0,2017-12-26 17:21:33
687.0,500.0,2017-11-26 17:18:31
687.0,500.0,2018-05-06 22:10:04
687.0,500.0,2018-04-22 21:50:25
689.0,25.0,2017-03-23 12:07:00
689.0,25.0,2016-05-11 19:01:01
689.0,50.0,2016-03-19 17:41:18
689.0,50.0,2017-03-29 14:46:24
690.0,50.0,2017-11-05 14:07:09
690.0,25.0,2017-10-12 18:31:34
690.0,50.0,2016-02-01 14:24:30
690.0,50.0,2017-01-16 12:27:54
690.0,25.0,2017-03-03 18:27:13
690.0,25.0,2015-12-16 22:15:27
690.0,50.0,2015-08-21 12:56:55
690.0,25.0,2016-05-15 21:43:17
690.0,25.0,2015-09-03 20:11:01
690.0,25.0,2017-05-15 16:24:14
690.0,25.0,2017-06-18 13:10:34
690.0,25.0,2015-12-18 14:11:37
694.0,1500.0,2018-05-04 21:34:41
698.0,25.0,2018-03-20 12:38:31
698.0,25.0,2017-04-22 18:33:24
698.0,25.0,2017-08-10 22:34:50
698.0,25.0,2017-02-18 22:49:34
701.0,100.0,2018-03-26 17:50:19
701.0,100.0,2015-09-23 22:56:11
701.0,250.0,2015-08-02 14:57:57
701.0,250.0,2018-03-13 15:27:38
701.0,250.0,2016-09-05 18:16:33
701.0,100.0,2018-04-11 19:38:01
702.0,25.0,2018-01-12 15:06:29
702.0,50.0,2016-04-06 13:43:08
702.0,25.0,2015-06-06 19:57:18
702.0,50.0,2016-07-14 12:05:44
702.0,25.0,2016-11-15 21:33:14
702.0,25.0,2016-03-22 11:55:00
702.0,25.0,2015-09-24 12:12:45
702.0,50.0,2015-09-06 15:45:56
702.0,25.0,2016-12-31 18:01:33
702.0,50.0,2016-07-06 17:30:40
702.0,25.0,2017-02-16 21:07:19
702.0,25.0,2018-05-19 12:59:48
702.0,50.0,2017-09-23 17:54:43
702.0,25.0,2017-09-03 13:25:09
702.0,50.0,2016-05-29 13:17:19
702.0,50.0,2015-12-16 21:57:39
702.0,25.0,2017-03-26 15:30:53
702.0,25.0,2016-01-15 16:10:38
702.0,25.0,2015-12-08 13:37:29
702.0,25.0,2015-05-20 13:13:17
702.0,50.0,2017-12-29 22:14:41
702.0,50.0,2017-11-09 15:58:23
702.0,50.0,2017-08-28 21:16:59
702.0,50.0,2018-05-27 22:17:55
702.0,50.0,2016-07-01 18:17:18
702.0,25.0,2016-03-09 12:04:56
702.0,25.0,2015-02-27 15:10:46
702.0,25.0,2016-01-04 17:46:27
704.0,25.0,2017-11-12 20:38:48
704.0,25.0,2016-10-15 18:12:48
704.0,50.0,2016-03-07 15:10:01
704.0,25.0,2016-08-22 15:55:53
704.0,50.0,2017-01-23 11:59:44
704.0,25.0,2017-09-09 21:14:05
705.0,100.0,2017-02-18 12:34:51
705.0,100.0,2017-03-15 16:42:46
705.0,100.0,2015-05-02 16:10:36
705.0,100.0,2017-04-19 15:29:15
706.0,100.0,2017-04-04 13:17:13
706.0,100.0,2017-03-15 11:44:42
706.0,250.0,2018-01-15 16:12:33
706.0,250.0,2015-06-07 12:08:53
706.0,100.0,2016-12-27 18:01:13
706.0,100.0,2016-07-16 14:25:49
706.0,250.0,2017-06-04 17:25:05
706.0,250.0,2016-01-10 11:08:39
707.0,50.0,2017-09-16 11:37:39
707.0,25.0,2017-09-12 20:41:17
709.0,25.0,2016-09-19 20:30:06
709.0,25.0,2016-10-18 13:32:34
709.0,25.0,2016-09-18 13:29:44
710.0,50.0,2018-05-29 15:25:51
710.0,25.0,2017-12-06 15:07:02
710.0,25.0,2018-02-17 16:19:42
710.0,25.0,2018-05-04 17:50:29
711.0,25.0,2017-07-14 16:43:19
711.0,25.0,2016-01-01 16:37:41
711.0,50.0,2016-10-31 16:13:41
711.0,25.0,2017-11-08 22:07:34
711.0,25.0,2018-03-27 16:38:34
711.0,50.0,2015-11-13 15:21:12
711.0,25.0,2015-06-04 13:44:46
711.0,25.0,2017-12-24 22:33:06
712.0,25.0,2017-06-29 14:00:30
713.0,25.0,2017-08-11 20:44:44
713.0,25.0,2017-12-29 13:46:53
715.0,1000.0,2018-05-17 12:18:43
716.0,50.0,2017-10-02 19:58:41
716.0,50.0,2015-11-06 13:41:13
716.0,50.0,2015-05-11 13:43:58
716.0,25.0,2015-08-20 12:37:11
716.0,50.0,2016-11-02 11:24:16
716.0,25.0,2015-09-23 11:10:21
716.0,50.0,2015-10-03 16:11:54
716.0,25.0,2015-03-05 21:59:30
717.0,25.0,2017-01-17 22:54:55
717.0,25.0,2017-02-06 15:05:57
718.0,50.0,2018-04-07 12:32:08
718.0,25.0,2017-06-15 15:40:23
724.0,50.0,2017-07-06 14:05:43
724.0,25.0,2017-10-06 20:14:23
724.0,50.0,2018-05-26 15:36:50
724.0,25.0,2017-08-04 16:42:41
725.0,500.0,2017-11-10 18:51:19
725.0,250.0,2017-08-19 21:46:34
725.0,250.0,2018-03-05 18:13:31
725.0,250.0,2017-09-29 16:33:34
726.0,25.0,2017-05-05 16:16:54
726.0,25.0,2018-03-09 17:13:30
728.0,25.0,2017-08-19 20:45:35
730.0,1000.0,2018-01-20 12:02:08
730.0,1000.0,2018-05-23 14:54:17
731.0,50.0,2017-04-04 14:11:39
731.0,50.0,2016-11-07 11:33:17
731.0,75.0,2018-02-23 18:18:20
731.0,75.0,2017-04-06 14:42:03
731.0,50.0,2015-02-25 19:44:22
731.0,50.0,2016-02-24 22:21:40
731.0,50.0,2017-09-25 12:13:47
731.0,50.0,2015-03-17 19:15:08
731.0,75.0,2017-01-08 11:31:57
731.0,50.0,2017-11-02 13:09:29
731.0,50.0,2017-04-09 14:10:10
731.0,50.0,2015-06-12 15:31:41
731.0,50.0,2015-12-10 14:56:53
731.0,50.0,2016-01-20 21:45:53
731.0,50.0,2018-01-28 17:02:01
731.0,50.0,2015-08-20 20:55:41
732.0,25.0,2016-12-18 11:08:46
732.0,50.0,2017-07-04 22:56:14
732.0,25.0,2017-07-20 12:25:37
732.0,25.0,2018-02-13 14:00:58
732.0,25.0,2018-01-18 14:01:02
732.0,25.0,2018-04-10 14:44:56
732.0,50.0,2017-02-18 16:23:28
732.0,25.0,2017-08-24 18:31:27
733.0,100.0,2018-02-05 18:33:17
733.0,75.0,2015-12-26 15:21:40
733.0,100.0,2015-07-18 18:14:53
734.0,2000.0,2016-11-06 17:45:06
734.0,1500.0,2016-07-09 14:21:46
734.0,1500.0,2018-04-09 11:40:09
734.0,1500.0,2016-09-23 13:28:57
734.0,1500.0,2016-07-26 19:49:52
734.0,1500.0,2016-06-01 21:28:25
734.0,1500.0,2018-01-19 14:18:26
734.0,2000.0,2018-03-24 12:39:55
734.0,2000.0,2018-04-22 22:58:16
734.0,1500.0,2016-07-02 21:25:55
735.0,250.0,2015-07-04 21:02:02
735.0,500.0,2017-04-27 13:03:04
735.0,250.0,2016-10-15 21:46:33
735.0,250.0,2018-01-12 18:52:08
735.0,250.0,2016-02-16 20:20:50
735.0,250.0,2015-03-30 19:08:05
735.0,250.0,2015-11-15 17:08:13
735.0,250.0,2016-01-22 21:16:05
736.0,500.0,2017-08-28 20:10:46
736.0,500.0,2017-03-28 16:28:10
736.0,1000.0,2017-05-17 14:36:59
736.0,500.0,2018-05-25 13:58:22
737.0,25.0,2016-08-27 17:07:12
737.0,25.0,2016-03-01 18:28:55
737.0,25.0,2016-09-11 17:29:38
737.0,50.0,2015-06-12 22:50:23
737.0,25.0,2017-08-20 14:04:08
737.0,25.0,2016-06-05 16:54:43
737.0,25.0,2016-04-03 13:02:01
737.0,25.0,2018-01-09 13:59:50
737.0,50.0,2018-06-02 20:17:55
737.0,25.0,2015-05-24 14:04:16
737.0,50.0,2016-03-24 15:25:39
737.0,25.0,2016-02-22 18:09:50
737.0,25.0,2017-12-24 21:58:09
737.0,50.0,2015-11-03 11:26:30
737.0,25.0,2016-10-06 18:54:53
737.0,50.0,2017-12-31 20:41:02
739.0,25.0,2018-04-18 16:58:53
739.0,50.0,2018-04-21 11:56:33
740.0,250.0,2018-04-09 17:23:26
740.0,250.0,2016-05-02 21:32:14
740.0,250.0,2017-12-17 18:52:55
740.0,250.0,2018-01-08 22:34:29
741.0,25.0,2017-07-30 13:14:48
741.0,25.0,2018-01-30 12:22:47
741.0,25.0,2016-12-31 14:21:09
743.0,25.0,2015-03-22 11:34:47
743.0,25.0,2016-02-20 22:49:09
743.0,50.0,2016-12-13 19:12:42
743.0,25.0,2016-03-22 21:37:19
743.0,25.0,2018-04-27 14:25:26
743.0,25.0,2016-10-08 16:55:54
743.0,50.0,2015-04-28 21:43:08
743.0,25.0,2017-11-17 20:51:09
746.0,25.0,2015-05-13 18:59:28
746.0,25.0,2016-11-07 13:54:24
746.0,25.0,2015-10-06 13:37:44
746.0,25.0,2017-11-08 11:42:51
747.0,25.0,2018-05-04 16:34:28
747.0,50.0,2017-02-05 19:32:28
748.0,50.0,2016-03-25 13:46:56
748.0,50.0,2016-04-05 12:58:01
748.0,50.0,2015-08-04 19:37:05
748.0,50.0,2016-11-04 19:40:28
748.0,50.0,2018-04-01 21:08:05
748.0,50.0,2016-04-25 13:36:31
748.0,50.0,2016-12-01 12:06:52
748.0,75.0,2017-06-12 22:28:54
748.0,75.0,2016-10-21 21:30:25
748.0,50.0,2016-02-07 11:06:34
748.0,75.0,2017-04-11 16:53:41
748.0,50.0,2016-06-06 17:51:40
748.0,50.0,2017-10-09 11:37:42
748.0,50.0,2015-10-09 20:33:18
748.0,50.0,2016-03-26 16:22:55
748.0,50.0,2015-04-10 16:48:00
749.0,1000.0,2018-05-29 21:02:44
750.0,500.0,2016-10-21 14:49:19
750.0,1000.0,2016-04-03 21:20:39
750.0,500.0,2017-11-16 13:42:57
750.0,1000.0,2017-03-07 20:32:56
750.0,1000.0,2016-04-05 19:41:08
750.0,1000.0,2016-03-11 22:25:28
750.0,500.0,2017-01-05 11:40:18
750.0,1000.0,2018-05-14 13:36:54
750.0,500.0,2017-01-14 13:26:20
750.0,1000.0,2017-09-14 16:19:29
750.0,500.0,2015-06-30 13:51:13
750.0,1000.0,2018-02-19 19:23:30
755.0,25.0,2015-08-10 15:17:06
755.0,25.0,2016-10-06 18:23:23
755.0,25.0,2016-12-22 11:44:18
755.0,25.0,2015-09-05 11:48:30
755.0,25.0,2015-11-06 19:24:40
755.0,50.0,2015-07-19 22:57:31
755.0,50.0,2016-05-05 21:20:19
755.0,25.0,2017-10-27 21:16:37
755.0,25.0,2015-07-14 11:44:44
756.0,25.0,2018-01-19 16:10:11
756.0,25.0,2017-06-18 18:53:32
756.0,25.0,2017-08-19 14:25:23
756.0,25.0,2016-10-04 13:01:16
757.0,25.0,2016-12-26 12:50:14
757.0,25.0,2017-06-28 17:46:05
757.0,25.0,2015-07-19 18:41:04
759.0,25.0,2016-12-24 13:32:43
759.0,25.0,2017-12-08 16:51:57
759.0,25.0,2017-08-01 21:39:39
759.0,50.0,2016-12-20 15:05:33
761.0,50.0,2017-11-06 20:03:10
762.0,1500.0,2017-08-08 19:45:50
762.0,1500.0,2018-05-05 20:47:37
768.0,1500.0,2016-01-07 20:38:02
768.0,1500.0,2018-05-10 16:12:33
768.0,1500.0,2018-01-09 21:23:49
768.0,1500.0,2017-05-13 12:06:27
768.0,1000.0,2016-08-19 16:14:09
768.0,1000.0,2018-01-28 21:49:10
768.0,1000.0,2016-08-18 15:04:53
768.0,1000.0,2016-08-16 14:13:58
769.0,25.0,2017-09-13 18:53:35
770.0,25.0,2016-06-05 13:15:19
770.0,25.0,2017-05-17 15:23:01
770.0,25.0,2018-04-22 15:14:11
770.0,50.0,2017-07-28 18:03:37
774.0,50.0,2017-02-07 20:32:01
774.0,25.0,2017-11-09 14:17:54
774.0,25.0,2016-07-26 11:43:10
774.0,25.0,2016-04-02 11:55:43
774.0,25.0,2017-12-24 13:46:37
774.0,25.0,2017-05-17 13:16:37
776.0,250.0,2018-04-01 16:08:48
776.0,100.0,2017-04-22 19:58:52
777.0,50.0,2017-06-05 14:03:50
778.0,50.0,2017-07-12 12:34:31
778.0,25.0,2017-12-26 15:37:05
779.0,25.0,2016-12-09 16:15:57
779.0,50.0,2017-01-16 16:18:47
779.0,25.0,2017-01-10 14:33:09
779.0,25.0,2017-02-20 11:58:35
779.0,25.0,2017-03-25 17:29:43
779.0,50.0,2018-02-14 21:56:14
780.0,50.0,2017-11-27 12:27:15
781.0,1500.0,2015-11-08 12:16:27
781.0,1000.0,2018-04-18 12:52:05
781.0,1000.0,2017-06-17 20:40:56
781.0,1000.0,2016-01-26 18:40:46
781.0,1000.0,2016-10-03 13:43:52
781.0,1000.0,2018-02-28 13:11:21
784.0,100.0,2015-08-10 12:43:44
784.0,100.0,2017-09-06 14:55:40
784.0,100.0,2016-01-19 21:12:38
784.0,250.0,2015-06-27 11:49:20
785.0,25.0,2018-03-17 11:34:29
785.0,25.0,2018-02-12 13:59:54
785.0,25.0,2018-01-25 16:24:50
786.0,25.0,2016-04-15 20:01:59
786.0,50.0,2015-08-12 20:37:40
786.0,50.0,2018-02-17 18:59:28
786.0,50.0,2016-03-29 20:16:06
786.0,25.0,2016-09-19 15:11:42
786.0,25.0,2018-04-14 12:50:42
786.0,50.0,2017-06-04 21:16:44
786.0,25.0,2017-03-20 21:14:14
786.0,25.0,2016-06-26 11:07:33
786.0,25.0,2018-03-04 13:18:49
786.0,50.0,2015-12-09 18:57:58
786.0,25.0,2018-04-15 13:25:43
787.0,25.0,2018-03-20 20:22:10
788.0,1500.0,2017-12-10 13:33:50
788.0,1500.0,2017-05-27 19:31:29
789.0,250.0,2018-03-14 18:27:41
789.0,250.0,2018-04-22 14:05:13
789.0,250.0,2017-06-24 22:16:56
790.0,25.0,2018-04-17 13:16:22
790.0,25.0,2018-04-26 15:18:52
790.0,50.0,2016-11-01 12:20:56
790.0,50.0,2017-02-04 19:57:41
790.0,25.0,2016-10-30 16:56:15
790.0,25.0,2018-03-08 19:38:36
790.0,25.0,2017-04-27 21:01:06
790.0,25.0,2017-06-29 15:55:31
792.0,1500.0,2017-08-11 20:21:43
792.0,2000.0,2015-08-20 20:48:26
792.0,2000.0,2015-12-03 15:52:17
795.0,25.0,2017-09-01 18:44:24
795.0,25.0,2015-08-27 17:33:05
795.0,25.0,2016-02-01 22:35:20
795.0,25.0,2015-05-05 19:55:59
795.0,25.0,2017-05-30 21:28:55
795.0,25.0,2018-01-08 21:16:54
795.0,25.0,2018-01-07 14:44:34
795.0,25.0,2018-02-06 12:56:46
795.0,25.0,2018-03-03 11:06:22
795.0,25.0,2017-02-20 19:02:59
795.0,25.0,2016-10-29 12:11:02
795.0,25.0,2016-06-28 20:10:23
795.0,25.0,2015-11-20 14:11:30
795.0,25.0,2016-02-11 18:33:37
795.0,25.0,2018-01-22 18:30:59
795.0,25.0,2017-03-20 13:16:41
795.0,50.0,2017-08-09 21:22:57
795.0,25.0,2017-05-18 11:25:30
795.0,25.0,2017-07-16 13:07:47
795.0,50.0,2016-02-23 15:02:48
795.0,50.0,2017-02-17 22:29:48
795.0,25.0,2017-11-07 18:21:36
795.0,25.0,2018-02-11 18:51:42
795.0,25.0,2015-05-18 16:23:21
798.0,50.0,2018-02-04 19:09:42
799.0,1000.0,2017-01-18 19:21:22
799.0,1500.0,2017-10-23 15:10:16
799.0,1000.0,2017-12-07 18:22:27
799.0,1000.0,2018-03-26 19:40:09
799.0,1500.0,2017-05-10 12:48:19
799.0,1000.0,2017-12-08 13:47:07
800.0,25.0,2016-04-28 18:35:37
800.0,50.0,2017-01-02 14:08:25
801.0,50.0,2016-08-18 11:21:12
801.0,25.0,2016-03-28 17:37:03
801.0,25.0,2017-01-11 14:06:04
802.0,25.0,2017-06-05 13:01:18
802.0,25.0,2017-06-17 13:53:03
804.0,50.0,2017-10-05 15:59:39
804.0,25.0,2017-07-20 17:52:02
804.0,50.0,2017-04-10 18:30:33
804.0,25.0,2017-08-19 12:29:35
805.0,25.0,2015-11-22 14:26:11
805.0,25.0,2016-04-30 11:13:27
805.0,50.0,2018-01-05 22:18:16
805.0,50.0,2015-08-28 14:37:40
805.0,25.0,2016-11-07 21:57:00
805.0,25.0,2015-04-13 15:04:41
805.0,50.0,2018-04-19 19:52:36
805.0,25.0,2016-09-06 16:08:35
806.0,25.0,2016-09-10 17:55:13
806.0,50.0,2016-12-12 21:57:25
806.0,25.0,2017-01-13 16:30:51
806.0,25.0,2017-03-28 13:09:03
807.0,500.0,2017-03-24 12:52:03
807.0,1000.0,2016-10-25 20:01:31
807.0,500.0,2017-06-30 14:17:24
807.0,1000.0,2016-10-02 15:17:20
809.0,100.0,2017-12-24 14:36:42
809.0,250.0,2018-03-12 16:36:34
811.0,25.0,2017-03-05 21:34:55
811.0,50.0,2015-11-09 12:07:20
811.0,25.0,2016-02-17 19:17:22
811.0,50.0,2017-11-06 14:15:28
811.0,50.0,2015-03-31 17:17:01
811.0,25.0,2017-10-29 22:11:43
811.0,25.0,2015-08-22 22:11:48
811.0,25.0,2017-02-24 20:13:50
814.0,1000.0,2016-06-01 15:51:24
814.0,1000.0,2017-02-01 14:06:50
814.0,1000.0,2018-02-11 11:01:40
814.0,1000.0,2016-12-10 19:48:19
814.0,1500.0,2017-08-16 17:00:46
814.0,1000.0,2018-03-25 15:36:36
814.0,1000.0,2018-01-21 21:14:46
814.0,1500.0,2017-07-10 13:38:53
815.0,25.0,2017-11-11 21:08:06
815.0,25.0,2017-08-25 17:24:34
815.0,25.0,2018-02-26 18:12:08
815.0,50.0,2018-01-26 14:32:40
816.0,500.0,2017-03-12 19:36:22
816.0,500.0,2016-01-09 14:53:50
817.0,100.0,2018-01-15 11:03:21
817.0,100.0,2017-11-14 15:18:05
817.0,250.0,2018-03-27 20:35:21
819.0,250.0,2016-09-04 11:54:36
819.0,500.0,2016-12-08 22:40:00
819.0,250.0,2017-02-25 18:30:11
819.0,500.0,2018-02-23 16:02:51
819.0,250.0,2017-04-26 19:10:48
819.0,250.0,2017-01-28 11:02:29
819.0,500.0,2017-08-28 14:33:26
819.0,250.0,2016-11-01 18:41:16
819.0,250.0,2018-04-05 19:28:15
819.0,250.0,2018-05-25 20:45:17
819.0,500.0,2018-04-03 16:08:54
819.0,500.0,2017-12-01 16:39:07
821.0,25.0,2018-01-18 13:23:18
821.0,25.0,2015-04-05 20:55:25
821.0,50.0,2016-01-03 12:28:16
821.0,50.0,2016-01-20 19:19:05
822.0,75.0,2017-11-22 15:29:27
822.0,50.0,2017-03-15 19:57:00
822.0,50.0,2017-02-13 17:26:33
822.0,75.0,2017-06-19 15:24:04
823.0,250.0,2018-05-21 22:14:00
823.0,250.0,2018-04-01 11:16:09
823.0,250.0,2017-07-14 19:53:58
823.0,250.0,2017-04-14 14:45:29
826.0,50.0,2017-09-08 22:56:02
826.0,25.0,2015-10-12 21:45:13
826.0,25.0,2017-10-09 13:20:01
827.0,25.0,2017-06-16 13:16:26
829.0,75.0,2018-02-10 18:35:26
830.0,25.0,2017-06-07 21:59:07
830.0,25.0,2018-03-14 16:53:24
830.0,25.0,2017-06-28 11:19:50
831.0,50.0,2017-11-02 13:49:25
831.0,25.0,2018-02-03 14:36:22
833.0,2000.0,2018-04-24 14:27:13
833.0,1500.0,2018-03-28 15:37:06
834.0,25.0,2018-03-09 19:35:53
834.0,50.0,2018-01-06 15:31:55
835.0,25.0,2018-04-28 22:05:40
835.0,25.0,2016-01-13 17:05:37
835.0,25.0,2018-05-08 16:37:59
836.0,75.0,2015-02-19 17:43:57
836.0,100.0,2016-01-10 14:04:52
836.0,75.0,2015-03-31 21:00:51
836.0,75.0,2015-05-27 13:09:55
836.0,75.0,2015-11-10 22:27:03
836.0,100.0,2017-01-31 19:22:36
836.0,75.0,2018-01-13 19:20:35
836.0,75.0,2015-07-12 19:33:10
838.0,25.0,2017-06-07 14:05:40
839.0,25.0,2018-01-21 17:09:03
839.0,25.0,2015-07-24 17:55:44
839.0,25.0,2015-03-25 12:05:37
839.0,50.0,2015-08-19 13:57:57
839.0,25.0,2016-04-02 11:57:39
839.0,25.0,2015-05-01 19:15:52
839.0,25.0,2015-03-27 14:50:13
839.0,25.0,2016-05-30 17:52:11
839.0,50.0,2017-11-18 14:34:56
839.0,25.0,2015-11-14 13:49:59
839.0,25.0,2015-05-07 20:20:36
839.0,25.0,2017-09-26 20:49:31
839.0,25.0,2018-04-30 15:23:55
839.0,25.0,2016-10-11 18:01:50
839.0,25.0,2016-07-10 16:00:31
839.0,25.0,2017-12-27 18:39:44
840.0,500.0,2018-04-27 20:08:04
842.0,100.0,2017-10-13 13:15:39
842.0,250.0,2017-10-14 13:54:20
842.0,250.0,2017-12-17 11:30:06
843.0,50.0,2017-11-01 18:00:49
844.0,1500.0,2018-01-06 17:35:38
844.0,1500.0,2018-02-24 11:49:45
844.0,2000.0,2018-01-07 15:47:51
845.0,50.0,2016-05-05 20:29:28
845.0,75.0,2017-10-19 18:40:21
845.0,50.0,2016-08-10 13:27:24
845.0,50.0,2017-06-21 17:09:34
845.0,75.0,2016-05-01 21:02:59
845.0,75.0,2017-11-17 16:39:48
845.0,75.0,2017-11-24 21:38:07
845.0,75.0,2016-01-28 18:41:28
845.0,50.0,2017-09-26 22:23:46
845.0,50.0,2018-03-14 20:51:15
845.0,75.0,2017-07-07 16:10:32
845.0,75.0,2016-06-15 12:08:55
846.0,1000.0,2018-03-31 17:59:16
846.0,500.0,2018-01-05 18:44:06
846.0,500.0,2017-06-21 16:57:12
846.0,500.0,2016-02-27 18:33:01
846.0,500.0,2017-04-27 17:45:51
846.0,500.0,2018-02-04 18:37:56
846.0,500.0,2015-07-11 22:03:29
846.0,500.0,2015-04-11 16:54:02
851.0,500.0,2017-12-25 15:59:56
851.0,250.0,2018-01-30 21:59:16
852.0,1000.0,2017-03-10 22:30:02
852.0,1000.0,2016-12-13 12:37:11
852.0,1000.0,2016-01-12 12:49:46
852.0,1000.0,2016-03-25 16:45:15
852.0,1500.0,2015-12-21 20:46:12
852.0,1000.0,2017-05-26 22:15:24
852.0,1500.0,2017-10-05 20:12:13
852.0,1000.0,2016-03-24 20:26:37
852.0,1000.0,2015-10-23 14:17:05
852.0,1000.0,2017-12-05 22:43:30
852.0,1000.0,2016-11-27 15:28:48
852.0,1000.0,2015-02-11 15:56:52
853.0,25.0,2017-12-23 11:50:58
853.0,25.0,2017-11-28 14:30:38
853.0,50.0,2017-09-25 11:58:21
855.0,75.0,2017-08-28 17:25:43
855.0,75.0,2017-12-20 14:04:35
855.0,75.0,2017-07-16 14:29:13
855.0,75.0,2017-10-31 18:17:25
857.0,500.0,2017-07-20 15:05:51
857.0,250.0,2018-04-12 17:49:26
857.0,500.0,2017-07-30 13:13:30
859.0,25.0,2017-11-24 15:30:08
859.0,50.0,2015-11-05 22:30:53
859.0,50.0,2017-03-23 17:46:35
859.0,25.0,2016-01-19 11:24:32
859.0,25.0,2016-06-04 19:47:46
859.0,50.0,2017-09-01 19:51:25
859.0,25.0,2016-12-26 12:11:21
859.0,25.0,2015-06-04 20:00:38
860.0,2000.0,2017-11-18 14:18:01
860.0,1500.0,2016-12-29 13:34:35
861.0,500.0,2017-11-25 16:00:01
861.0,1000.0,2016-09-12 19:29:25
861.0,500.0,2018-03-27 19:23:34
861.0,500.0,2015-12-18 12:51:07
861.0,500.0,2016-07-18 13:42:06
861.0,500.0,2017-07-30 14:17:37
861.0,1000.0,2017-04-04 15:57:45
861.0,500.0,2015-11-20 20:48:17
861.0,500.0,2017-06-29 13:30:36
862.0,100.0,2018-02-18 20:34:32
862.0,250.0,2018-04-26 12:57:30
862.0,250.0,2018-03-25 20:23:37
862.0,100.0,2017-09-04 14:33:38
862.0,250.0,2017-08-01 16:19:09
863.0,25.0,2017-01-13 17:37:47
863.0,25.0,2016-03-29 18:50:01
863.0,50.0,2017-11-16 16:23:21
863.0,25.0,2016-04-23 20:04:41
863.0,50.0,2017-12-27 14:11:57
863.0,25.0,2017-05-09 11:15:13
863.0,25.0,2017-04-29 20:20:38
863.0,25.0,2018-02-25 17:51:20
863.0,50.0,2016-06-10 14:29:53
864.0,1500.0,2016-06-13 11:55:26
864.0,1500.0,2016-10-16 22:04:20
864.0,1500.0,2017-11-22 12:07:02
864.0,1500.0,2016-02-05 17:07:29
864.0,1500.0,2016-05-13 22:47:20
864.0,1500.0,2016-10-27 21:57:50
864.0,1500.0,2017-10-02 17:16:11
864.0,1500.0,2016-08-21 19:34:45
865.0,25.0,2016-08-19 13:04:25
865.0,25.0,2015-02-11 20:48:47
865.0,25.0,2016-02-25 14:47:46
865.0,50.0,2018-01-22 20:41:36
865.0,25.0,2018-03-02 12:26:41
865.0,25.0,2016-03-02 20:54:06
865.0,25.0,2017-05-20 16:42:25
865.0,50.0,2015-05-12 18:23:42
866.0,50.0,2017-11-26 11:03:20
866.0,25.0,2017-08-26 16:03:28
866.0,50.0,2017-11-12 20:52:12
866.0,25.0,2017-11-14 13:38:09
866.0,50.0,2018-05-11 15:58:29
866.0,50.0,2018-02-23 19:41:24
868.0,25.0,2017-04-02 18:45:29
868.0,25.0,2017-05-18 12:29:58
868.0,50.0,2018-03-26 14:20:24
868.0,25.0,2016-05-25 21:51:53
868.0,50.0,2015-11-24 12:40:25
868.0,25.0,2017-11-18 11:37:05
868.0,25.0,2017-07-28 15:14:03
868.0,50.0,2018-04-24 11:00:18
868.0,25.0,2016-03-15 13:37:22
868.0,50.0,2015-12-21 19:15:00
868.0,25.0,2016-11-17 22:38:41
868.0,25.0,2015-08-14 18:41:56
868.0,25.0,2017-06-03 11:39:19
868.0,25.0,2016-04-01 12:23:10
868.0,25.0,2017-11-08 11:54:23
868.0,25.0,2018-05-26 11:24:15
868.0,50.0,2015-11-06 19:21:33
868.0,25.0,2016-03-29 18:43:19
868.0,25.0,2017-06-01 12:05:01
868.0,25.0,2017-08-11 16:55:43
868.0,50.0,2016-09-13 19:19:31
870.0,1000.0,2017-09-11 17:10:48
870.0,500.0,2017-12-01 22:40:02
870.0,500.0,2017-09-05 13:36:00
876.0,50.0,2015-08-11 18:30:43
876.0,25.0,2017-04-18 17:41:12
876.0,50.0,2018-05-25 16:31:14
876.0,25.0,2016-12-06 22:51:13
876.0,25.0,2015-05-09 15:52:33
876.0,25.0,2015-11-18 11:07:37
876.0,25.0,2017-08-26 14:20:50
876.0,25.0,2017-07-20 21:26:51
880.0,25.0,2017-09-10 20:53:54
880.0,25.0,2018-05-10 21:46:51
883.0,500.0,2015-04-25 12:04:10
883.0,500.0,2016-05-20 14:46:11
883.0,500.0,2016-01-02 18:39:42
883.0,500.0,2015-08-31 11:17:43
884.0,50.0,2017-12-25 19:56:02
885.0,25.0,2016-05-09 12:07:37
885.0,25.0,2015-10-20 13:30:30
885.0,25.0,2015-09-12 20:01:20
885.0,25.0,2015-12-01 13:46:21
885.0,25.0,2017-08-08 12:15:23
885.0,25.0,2017-04-01 22:52:36
885.0,25.0,2015-08-12 15:42:06
885.0,25.0,2015-11-05 13:29:51
885.0,25.0,2015-09-13 12:25:06
885.0,25.0,2015-11-29 20:19:16
885.0,25.0,2017-08-07 15:52:52
885.0,25.0,2015-07-18 12:20:44
886.0,25.0,2018-04-20 18:15:09
887.0,100.0,2017-11-03 11:21:17
887.0,250.0,2018-02-03 22:13:41
889.0,25.0,2017-12-22 11:26:34
890.0,100.0,2018-04-23 12:31:12
891.0,25.0,2018-02-25 11:14:26
891.0,25.0,2017-07-24 19:29:42
891.0,25.0,2015-12-27 19:32:36
891.0,25.0,2016-04-13 22:48:30
895.0,25.0,2017-10-09 19:03:09
895.0,25.0,2016-08-29 17:14:38
895.0,25.0,2015-03-06 16:07:43
895.0,50.0,2015-10-23 14:52:52
895.0,50.0,2015-09-11 11:56:43
895.0,25.0,2016-06-11 16:57:16
895.0,25.0,2018-03-18 12:36:45
895.0,25.0,2017-12-05 11:18:59
895.0,25.0,2016-04-28 21:58:18
897.0,25.0,2015-11-25 20:14:54
897.0,25.0,2015-12-03 17:06:46
897.0,50.0,2017-05-25 22:25:54
897.0,25.0,2016-10-29 14:09:00
897.0,50.0,2016-02-13 15:31:18
897.0,25.0,2015-12-12 22:43:25
900.0,50.0,2017-10-29 16:50:57
902.0,25.0,2017-10-28 19:39:54
902.0,25.0,2016-12-14 22:24:25
902.0,25.0,2016-04-28 17:45:33
902.0,50.0,2018-02-04 11:35:46
902.0,25.0,2018-01-02 20:40:27
902.0,25.0,2016-03-10 11:50:11
903.0,25.0,2018-05-17 20:28:33
903.0,25.0,2018-04-12 14:17:05
905.0,100.0,2016-07-10 17:56:58
905.0,100.0,2015-12-22 18:45:06
905.0,100.0,2018-03-01 12:38:44
905.0,100.0,2017-10-24 12:01:34
905.0,100.0,2015-04-16 15:01:56
905.0,75.0,2018-01-11 19:33:16
905.0,100.0,2017-11-22 16:32:21
905.0,75.0,2016-10-10 15:52:01
908.0,100.0,2016-02-12 19:15:53
908.0,250.0,2017-05-21 17:47:58
908.0,250.0,2016-01-07 13:34:55
909.0,25.0,2017-11-20 20:12:02
909.0,50.0,2018-01-20 20:03:42
910.0,100.0,2018-02-13 12:00:42
910.0,100.0,2018-04-26 12:36:57
910.0,250.0,2018-01-16 11:32:08
911.0,500.0,2017-12-05 15:21:54
913.0,1500.0,2017-08-02 15:08:22
913.0,2000.0,2017-08-10 11:05:47
913.0,2000.0,2015-09-11 21:42:18
913.0,2000.0,2017-01-08 12:44:24
913.0,1500.0,2017-04-05 15:37:47
913.0,1500.0,2017-06-01 11:08:06
914.0,2000.0,2017-11-22 14:14:10
915.0,25.0,2017-03-14 22:47:54
915.0,25.0,2015-04-11 14:03:38
915.0,25.0,2016-09-20 13:46:00
915.0,50.0,2015-06-09 13:37:01
915.0,50.0,2017-03-06 17:46:42
915.0,25.0,2017-05-02 15:21:11
915.0,25.0,2016-03-09 13:38:52
915.0,50.0,2017-08-17 19:49:43
915.0,25.0,2015-07-10 14:44:42
915.0,25.0,2015-03-19 22:08:13
915.0,50.0,2016-05-15 14:30:53
915.0,50.0,2016-01-19 17:29:37
915.0,25.0,2016-06-09 22:55:48
915.0,25.0,2017-08-24 16:58:12
915.0,25.0,2017-08-06 16:27:10
915.0,25.0,2018-03-31 22:47:22
915.0,50.0,2015-11-25 19:42:58
915.0,50.0,2016-04-04 16:06:16
915.0,50.0,2016-11-20 17:20:43
915.0,25.0,2015-11-18 21:03:22
915.0,50.0,2016-03-26 15:16:06
915.0,25.0,2015-09-24 22:54:38
915.0,25.0,2017-09-30 13:01:36
915.0,50.0,2015-06-21 14:55:17
916.0,25.0,2018-05-18 14:22:32
916.0,50.0,2017-12-18 16:38:31
916.0,50.0,2017-11-05 19:14:11
916.0,25.0,2017-08-15 20:51:48
918.0,250.0,2016-02-11 18:25:35
918.0,100.0,2017-03-20 11:57:23
918.0,100.0,2016-06-19 18:56:42
918.0,100.0,2018-05-12 14:58:12
918.0,250.0,2017-10-10 16:55:37
918.0,250.0,2017-04-23 11:53:36
918.0,100.0,2016-09-27 21:48:48
918.0,100.0,2018-02-13 14:13:12
918.0,100.0,2017-12-26 14:31:37
918.0,100.0,2018-01-15 22:03:48
918.0,250.0,2016-09-18 14:25:20
918.0,250.0,2016-03-16 19:06:19
923.0,250.0,2016-12-24 13:19:05
923.0,100.0,2017-05-22 15:32:46
923.0,100.0,2018-05-17 19:10:57
923.0,250.0,2016-10-28 17:56:58
924.0,25.0,2017-12-15 22:19:30
924.0,25.0,2018-03-20 17:06:35
924.0,25.0,2018-04-07 13:01:35
924.0,50.0,2017-10-12 16:40:34
926.0,100.0,2017-09-22 16:36:08
926.0,100.0,2015-12-07 22:17:08
926.0,100.0,2017-12-19 20:05:57
929.0,250.0,2016-08-16 21:04:20
929.0,250.0,2017-08-15 15:19:27
929.0,250.0,2016-05-02 21:25:04
929.0,250.0,2017-07-05 12:10:19
931.0,50.0,2018-02-04 16:49:29
933.0,25.0,2018-05-15 12:22:30
933.0,50.0,2018-01-25 22:52:24
933.0,50.0,2018-02-12 20:38:07
934.0,50.0,2017-12-27 13:01:51
934.0,50.0,2017-12-21 20:47:07
934.0,50.0,2017-12-19 22:27:26
935.0,25.0,2016-08-23 20:24:33
935.0,25.0,2018-02-04 15:12:48
936.0,25.0,2017-12-18 17:04:19
936.0,50.0,2018-04-07 15:36:46
937.0,1000.0,2017-07-12 16:34:59
937.0,1000.0,2017-02-15 14:57:04
937.0,1500.0,2018-03-19 21:31:34
937.0,1000.0,2018-04-13 11:26:58
937.0,1000.0,2017-09-29 12:42:01
937.0,1500.0,2018-04-14 14:42:09
937.0,1000.0,2017-12-28 16:35:56
937.0,1500.0,2018-03-28 12:00:21
938.0,100.0,2018-01-24 22:49:53
938.0,75.0,2018-02-18 15:24:48
940.0,50.0,2016-07-14 18:48:29
940.0,25.0,2017-11-12 11:55:54
940.0,25.0,2017-06-18 11:47:59
940.0,50.0,2015-11-21 21:57:47
940.0,25.0,2017-05-25 12:55:50
940.0,25.0,2016-02-02 17:48:44
941.0,25.0,2017-08-23 18:27:58
941.0,50.0,2017-03-12 14:37:21
941.0,25.0,2017-05-24 19:11:43
941.0,25.0,2018-04-19 12:10:50
941.0,25.0,2017-05-03 11:29:45
941.0,50.0,2018-02-22 13:30:25
941.0,50.0,2017-08-15 15:07:25
941.0,25.0,2017-07-23 13:30:42
943.0,500.0,2017-11-16 20:12:40
943.0,1000.0,2015-12-05 20:13:02
943.0,1000.0,2017-12-24 18:58:52
944.0,50.0,2017-12-28 21:03:13
944.0,50.0,2018-01-25 17:50:36
944.0,25.0,2018-05-06 20:20:32
945.0,25.0,2016-02-19 18:48:05
945.0,25.0,2015-06-22 14:51:21
945.0,25.0,2017-04-06 11:17:19
945.0,25.0,2016-08-09 22:37:48
945.0,50.0,2017-03-23 15:04:25
945.0,25.0,2015-03-13 16:40:15
945.0,25.0,2017-05-31 21:31:25
945.0,25.0,2016-08-12 11:18:16
948.0,1500.0,2016-11-28 15:06:49
948.0,1500.0,2015-12-31 18:48:33
948.0,2000.0,2017-03-20 16:14:41
948.0,1500.0,2015-06-16 16:24:53
948.0,1500.0,2016-04-24 14:36:41
948.0,1500.0,2015-04-24 20:56:44
948.0,1500.0,2015-04-21 14:32:53
948.0,1500.0,2017-10-24 14:39:39
949.0,25.0,2018-02-05 22:49:01
949.0,25.0,2018-04-29 11:32:17
949.0,25.0,2017-10-20 17:07:22
950.0,25.0,2017-09-17 19:48:00
950.0,50.0,2018-01-27 18:22:15
950.0,25.0,2017-12-23 16:58:23
952.0,250.0,2018-03-05 11:00:57
952.0,500.0,2016-01-09 19:55:03
952.0,500.0,2016-06-02 15:42:52
952.0,250.0,2015-10-02 14:29:09
953.0,25.0,2018-05-31 19:37:48
953.0,25.0,2017-12-29 13:53:26
956.0,500.0,2015-08-03 15:41:29
956.0,500.0,2016-08-27 20:32:06
956.0,500.0,2015-10-02 11:00:04
956.0,500.0,2018-02-06 14:29:22
956.0,1000.0,2016-01-29 14:38:30
956.0,500.0,2018-05-10 18:17:52
956.0,500.0,2018-02-16 17:11:25
956.0,500.0,2016-02-28 20:22:26
956.0,500.0,2015-09-28 13:50:13
956.0,1000.0,2017-06-24 18:22:35
956.0,500.0,2017-12-30 21:38:26
956.0,1000.0,2017-09-26 18:38:51
956.0,500.0,2015-05-04 19:04:47
956.0,500.0,2017-12-14 20:44:23
956.0,500.0,2018-01-16 12:59:38
956.0,500.0,2015-12-29 12:11:59
956.0,500.0,2017-04-12 22:59:42
956.0,500.0,2015-07-01 22:44:38
956.0,500.0,2016-05-04 20:37:55
956.0,1000.0,2015-03-24 16:42:41
958.0,25.0,2017-09-27 12:49:15
958.0,25.0,2017-03-12 18:44:45
958.0,25.0,2017-07-12 12:44:59
958.0,50.0,2018-06-03 20:57:53
959.0,1000.0,2017-05-02 17:55:28
960.0,250.0,2018-01-29 18:16:41
960.0,250.0,2018-03-23 18:23:36
961.0,25.0,2017-12-17 13:51:15
967.0,25.0,2017-05-23 20:50:25
967.0,25.0,2018-02-23 21:58:26
967.0,25.0,2015-07-17 13:28:47
967.0,25.0,2016-04-27 20:56:38
967.0,25.0,2016-09-24 18:56:36
967.0,50.0,2016-01-08 19:34:44
967.0,50.0,2015-11-21 16:33:10
967.0,25.0,2016-02-07 18:18:49
969.0,50.0,2016-09-14 14:32:00
969.0,25.0,2017-11-02 14:10:11
970.0,500.0,2017-10-11 20:07:16
970.0,500.0,2016-12-27 20:41:36
971.0,1000.0,2015-09-14 19:13:00
971.0,1000.0,2015-07-30 18:27:32
971.0,1500.0,2017-11-07 20:11:40
971.0,1500.0,2015-07-29 13:02:04
973.0,50.0,2018-02-02 22:44:28
973.0,25.0,2017-07-26 21:19:34
973.0,25.0,2017-05-29 15:31:04
973.0,25.0,2017-03-25 20:07:42
974.0,25.0,2018-04-10 20:42:49
976.0,50.0,2017-02-27 19:55:46
976.0,75.0,2017-04-10 13:53:18
976.0,50.0,2017-07-08 16:29:51
976.0,50.0,2018-05-28 22:31:31
977.0,25.0,2017-12-06 22:31:09
978.0,25.0,2016-10-17 13:12:21
978.0,25.0,2018-01-05 21:04:54
984.0,500.0,2015-09-05 17:34:34
984.0,250.0,2016-06-13 21:04:33
984.0,250.0,2016-09-25 13:53:03
984.0,250.0,2017-09-10 15:18:10
984.0,250.0,2017-06-07 16:47:17
984.0,250.0,2015-08-18 17:37:56
984.0,250.0,2016-02-22 14:03:20
984.0,250.0,2016-11-01 17:08:35
984.0,250.0,2016-07-09 11:02:14
984.0,250.0,2017-03-27 13:48:19
984.0,500.0,2017-11-19 13:19:30
984.0,250.0,2016-07-30 16:24:09
985.0,100.0,2018-02-08 15:46:06
985.0,75.0,2018-05-12 18:06:12
986.0,250.0,2017-07-29 20:48:45
987.0,100.0,2018-03-30 21:13:12
987.0,250.0,2017-11-14 14:51:55
989.0,500.0,2016-08-08 12:12:24
989.0,500.0,2017-09-29 17:50:36
989.0,500.0,2015-07-11 11:20:36
990.0,25.0,2017-05-23 15:34:28
992.0,1000.0,2016-06-16 21:40:45
992.0,1500.0,2016-02-14 15:28:50
992.0,1000.0,2016-06-10 14:32:19
992.0,1000.0,2018-02-18 18:26:55
992.0,1000.0,2016-08-18 16:03:38
992.0,1000.0,2016-07-20 12:02:55
992.0,1000.0,2017-03-11 22:35:22
992.0,1000.0,2015-09-17 21:49:15
992.0,1000.0,2016-01-07 13:30:33
992.0,1000.0,2018-02-15 12:39:07
992.0,1000.0,2015-07-06 11:44:00
992.0,1500.0,2015-04-15 17:29:18
995.0,75.0,2018-03-10 21:27:33
995.0,75.0,2017-12-20 20:47:24
996.0,100.0,2017-09-19 21:39:25
996.0,100.0,2017-10-18 17:52:29
996.0,100.0,2017-09-09 12:22:33
997.0,25.0,2017-12-19 21:49:45
997.0,25.0,2017-03-04 16:04:14
997.0,50.0,2015-11-19 18:00:08
997.0,50.0,2018-01-23 16:49:37
997.0,50.0,2017-03-12 12:33:22
997.0,25.0,2018-03-19 15:21:38
997.0,25.0,2016-06-02 12:11:20
997.0,25.0,2017-04-30 21:10:20
997.0,50.0,2018-03-17 13:11:16
